USE movielista;

-- ----------------------------------- GENERAL INFO

INSERT INTO companies -- 25
	(company)
VALUES
	('Balistreri, Schulist and Denesik'),
	('Beer-Jast'),
	('Beier-Zieme'),
	('Bins, Thiel and Fritsch'),
	('Crona, Volkman and Cormier'),
	('Dietrich and Sons'),
	('Frami-Schumm'),
	('Huel PLC'),
	('Jenkins, Pfannerstill and Daniel'),
	('Kilback, Sanford and Miller'),
	('Kuhlman, Schumm and O\'Connell'),
	('Kuphal, Wiegand and Schamberger'),
	('Lockman, Kessler and Hirthe'),
	('Lynch Ltd'),
	('Mayert-Hermiston'),
	('Mitchell, Howell and Treutel'),
	('Nitzsche, Labadie and Hayes'),
	('O\'Kon-Leffler'),
	('Padberg-Adams'),
	('Satterfield, Welch and Swift'),
	('Schiller, McGlynn and Cummerata'),
	('Schinner-Hilpert'),
	('Schmeler-Koss'),
	('Towne and Sons'),
	('Weimann, Miller and White');

INSERT INTO countries -- 240
	(country)
VALUES
	('Afghanistan'),
	('Albania'),
	('Algeria'),
	('American Samoa'),
	('Andorra'),
	('Angola'),
	('Anguilla'),
	('Antarctica (the territory South of 60 deg S)'),
	('Antigua and Barbuda'),
	('Argentina'),
	('Armenia'),
	('Aruba'),
	('Australia'),
	('Austria'),
	('Azerbaijan'),
	('Bahamas'),
	('Bahrain'),
	('Bangladesh'),
	('Barbados'),
	('Belarus'),
	('Belgium'),
	('Belize'),
	('Benin'),
	('Bermuda'),
	('Bhutan'),
	('Bolivia'),
	('Bosnia and Herzegovina'),
	('Botswana'),
	('Bouvet Island (Bouvetoya)'),
	('Brazil'),
	('British Indian Ocean Territory (Chagos Archipelago)'),
	('British Virgin Islands'),
	('Brunei Darussalam'),
	('Bulgaria'),
	('Burkina Faso'),
	('Burundi'),
	('Cambodia'),
	('Cameroon'),
	('Canada'),
	('Cape Verde'),
	('Cayman Islands'),
	('Central African Republic'),
	('Chad'),
	('Chile'),
	('China'),
	('Christmas Island'),
	('Cocos (Keeling) Islands'),
	('Colombia'),
	('Comoros'),
	('Congo'),
	('Cook Islands'),
	('Costa Rica'),
	('Cote d\'Ivoire'),
	('Croatia'),
	('Cuba'),
	('Cyprus'),
	('Czech Republic'),
	('Denmark'),
	('Djibouti'),
	('Dominica'),
	('Dominican Republic'),
	('Ecuador'),
	('Egypt'),
	('El Salvador'),
	('Equatorial Guinea'),
	('Eritrea'),
	('Estonia'),
	('Falkland Islands (Malvinas)'),
	('Faroe Islands'),
	('Fiji'),
	('Finland'),
	('France'),
	('French Guiana'),
	('French Polynesia'),
	('French Southern Territories'),
	('Gabon'),
	('Gambia'),
	('Georgia'),
	('Germany'),
	('Ghana'),
	('Gibraltar'),
	('Greece'),
	('Greenland'),
	('Grenada'),
	('Guadeloupe'),
	('Guam'),
	('Guatemala'),
	('Guernsey'),
	('Guinea'),
	('Guinea-Bissau'),
	('Guyana'),
	('Haiti'),
	('Heard Island and McDonald Islands'),
	('Holy See (Vatican City State)'),
	('Honduras'),
	('Hong Kong'),
	('Hungary'),
	('Iceland'),
	('India'),
	('Indonesia'),
	('Iran'),
	('Iraq'),
	('Ireland'),
	('Isle of Man'),
	('Israel'),
	('Italy'),
	('Jamaica'),
	('Japan'),
	('Jersey'),
	('Jordan'),
	('Kazakhstan'),
	('Kenya'),
	('Kiribati'),
	('Korea'),
	('Kuwait'),
	('Kyrgyz Republic'),
	('Lao People\'s Democratic Republic'),
	('Latvia'),
	('Lebanon'),
	('Lesotho'),
	('Liberia'),
	('Libyan Arab Jamahiriya'),
	('Liechtenstein'),
	('Lithuania'),
	('Luxembourg'),
	('Macao'),
	('Macedonia'),
	('Madagascar'),
	('Malaysia'),
	('Maldives'),
	('Mali'),
	('Malta'),
	('Marshall Islands'),
	('Martinique'),
	('Mauritania'),
	('Mauritius'),
	('Mayotte'),
	('Mexico'),
	('Micronesia'),
	('Moldova'),
	('Monaco'),
	('Mongolia'),
	('Montenegro'),
	('Montserrat'),
	('Morocco'),
	('Mozambique'),
	('Myanmar'),
	('Namibia'),
	('Nauru'),
	('Nepal'),
	('Netherlands'),
	('Netherlands Antilles'),
	('New Caledonia'),
	('New Zealand'),
	('Nicaragua'),
	('Niger'),
	('Nigeria'),
	('Niue'),
	('Norfolk Island'),
	('Northern Mariana Islands'),
	('Norway'),
	('Oman'),
	('Pakistan'),
	('Palau'),
	('Palestinian Territory'),
	('Panama'),
	('Papua New Guinea'),
	('Paraguay'),
	('Peru'),
	('Philippines'),
	('Pitcairn Islands'),
	('Poland'),
	('Portugal'),
	('Puerto Rico'),
	('Qatar'),
	('Reunion'),
	('Romania'),
	('Russian Federation'),
	('Rwanda'),
	('Saint Barthelemy'),
	('Saint Helena'),
	('Saint Kitts and Nevis'),
	('Saint Lucia'),
	('Saint Martin'),
	('Saint Pierre and Miquelon'),
	('Saint Vincent and the Grenadines'),
	('Samoa'),
	('San Marino'),
	('Sao Tome and Principe'),
	('Saudi Arabia'),
	('Senegal'),
	('Serbia'),
	('Seychelles'),
	('Sierra Leone'),
	('Singapore'),
	('Slovakia (Slovak Republic)'),
	('Slovenia'),
	('Solomon Islands'),
	('South Africa'),
	('South Georgia and the South Sandwich Islands'),
	('Spain'),
	('Sri Lanka'),
	('Sudan'),
	('Suriname'),
	('Svalbard & Jan Mayen Islands'),
	('Swaziland'),
	('Sweden'),
	('Switzerland'),
	('Syrian Arab Republic'),
	('Taiwan'),
	('Tajikistan'),
	('Tanzania'),
	('Thailand'),
	('Timor-Leste'),
	('Togo'),
	('Tokelau'),
	('Tonga'),
	('Trinidad and Tobago'),
	('Tunisia'),
	('Turkey'),
	('Turkmenistan'),
	('Turks and Caicos Islands'),
	('Tuvalu'),
	('Uganda'),
	('Ukraine'),
	('United Arab Emirates'),
	('United Kingdom'),
	('United States Minor Outlying Islands'),
	('United States of America'),
	('United States Virgin Islands'),
	('Uruguay'),
	('Uzbekistan'),
	('Vanuatu'),
	('Venezuela'),
	('Vietnam'),
	('Wallis and Futuna'),
	('Western Sahara'),
	('Yemen'),
	('Zambia'),
	('Zimbabwe');

INSERT INTO genres -- 22
	(genre)
VALUES
	('Action'),
	('Adventure'),
	('Animation'),
	('Biography'),
	('Comedy'),
	('Crime'),
	('Documentary'),
	('Drama'),
	('Family'),
	('Fantasy'),
	('Film Noir'),
	('History'),
	('Horror'),
	('Music'),
	('Musical'),
	('Mystery'),
	('Romance'),
	('Sci-Fi'),
	('Sport'),
	('Superhero'),
	('Thriller'),
	('Western');

INSERT INTO images -- 150
VALUES
	('1', 'velit', 'http://lorempixel.com/1/1/abstract/'),
	('2', 'reprehenderit', 'http://lorempixel.com/1/1/abstract/'),
	('3', 'quisquam', 'http://lorempixel.com/1/1/abstract/'),
	('4', 'veritatis', 'http://lorempixel.com/1/1/abstract/'),
	('5', 'deserunt', 'http://lorempixel.com/1/1/abstract/'),
	('6', 'qui', 'http://lorempixel.com/1/1/abstract/'),
	('7', 'aut', 'http://lorempixel.com/1/1/abstract/'),
	('8', 'et', 'http://lorempixel.com/1/1/abstract/'),
	('9', 'quo', 'http://lorempixel.com/1/1/abstract/'),
	('10', 'tenetur', 'http://lorempixel.com/1/1/abstract/'),
	('11', 'repellendus', 'http://lorempixel.com/1/1/abstract/'),
	('12', 'deserunt', 'http://lorempixel.com/1/1/abstract/'),
	('13', 'velit', 'http://lorempixel.com/1/1/abstract/'),
	('14', 'aut', 'http://lorempixel.com/1/1/abstract/'),
	('15', 'ipsa', 'http://lorempixel.com/1/1/abstract/'),
	('16', 'fugiat', 'http://lorempixel.com/1/1/abstract/'),
	('17', 'suscipit', 'http://lorempixel.com/1/1/abstract/'),
	('18', 'vero', 'http://lorempixel.com/1/1/abstract/'),
	('19', 'rerum', 'http://lorempixel.com/1/1/abstract/'),
	('20', 'iure', 'http://lorempixel.com/1/1/abstract/'),
	('21', 'unde', 'http://lorempixel.com/1/1/abstract/'),
	('22', 'nemo', 'http://lorempixel.com/1/1/abstract/'),
	('23', 'deleniti', 'http://lorempixel.com/1/1/abstract/'),
	('24', 'qui', 'http://lorempixel.com/1/1/abstract/'),
	('25', 'molestiae', 'http://lorempixel.com/1/1/abstract/'),
	('26', 'omnis', 'http://lorempixel.com/1/1/abstract/'),
	('27', 'est', 'http://lorempixel.com/1/1/abstract/'),
	('28', 'sint', 'http://lorempixel.com/1/1/abstract/'),
	('29', 'debitis', 'http://lorempixel.com/1/1/abstract/'),
	('30', 'sed', 'http://lorempixel.com/1/1/abstract/'),
	('31', 'ipsa', 'http://lorempixel.com/1/1/abstract/'),
	('32', 'odit', 'http://lorempixel.com/1/1/abstract/'),
	('33', 'sit', 'http://lorempixel.com/1/1/abstract/'),
	('34', 'tenetur', 'http://lorempixel.com/1/1/abstract/'),
	('35', 'nemo', 'http://lorempixel.com/1/1/abstract/'),
	('36', 'dolor', 'http://lorempixel.com/1/1/abstract/'),
	('37', 'unde', 'http://lorempixel.com/1/1/abstract/'),
	('38', 'amet', 'http://lorempixel.com/1/1/abstract/'),
	('39', 'eos', 'http://lorempixel.com/1/1/abstract/'),
	('40', 'minus', 'http://lorempixel.com/1/1/abstract/'),
	('41', 'optio', 'http://lorempixel.com/1/1/abstract/'),
	('42', 'perspiciatis', 'http://lorempixel.com/1/1/abstract/'),
	('43', 'velit', 'http://lorempixel.com/1/1/abstract/'),
	('44', 'voluptatem', 'http://lorempixel.com/1/1/abstract/'),
	('45', 'quo', 'http://lorempixel.com/1/1/abstract/'),
	('46', 'eos', 'http://lorempixel.com/1/1/abstract/'),
	('47', 'sed', 'http://lorempixel.com/1/1/abstract/'),
	('48', 'quidem', 'http://lorempixel.com/1/1/abstract/'),
	('49', 'sint', 'http://lorempixel.com/1/1/abstract/'),
	('50', 'fugit', 'http://lorempixel.com/1/1/abstract/'),
	('51', 'accusamus', 'http://lorempixel.com/1/1/abstract/'),
	('52', 'quisquam', 'http://lorempixel.com/1/1/abstract/'),
	('53', 'dolorum', 'http://lorempixel.com/1/1/abstract/'),
	('54', 'tempore', 'http://lorempixel.com/1/1/abstract/'),
	('55', 'qui', 'http://lorempixel.com/1/1/abstract/'),
	('56', 'ut', 'http://lorempixel.com/1/1/abstract/'),
	('57', 'voluptatum', 'http://lorempixel.com/1/1/abstract/'),
	('58', 'placeat', 'http://lorempixel.com/1/1/abstract/'),
	('59', 'illo', 'http://lorempixel.com/1/1/abstract/'),
	('60', 'aspernatur', 'http://lorempixel.com/1/1/abstract/'),
	('61', 'eum', 'http://lorempixel.com/1/1/abstract/'),
	('62', 'et', 'http://lorempixel.com/1/1/abstract/'),
	('63', 'quae', 'http://lorempixel.com/1/1/abstract/'),
	('64', 'est', 'http://lorempixel.com/1/1/abstract/'),
	('65', 'labore', 'http://lorempixel.com/1/1/abstract/'),
	('66', 'consequuntur', 'http://lorempixel.com/1/1/abstract/'),
	('67', 'recusandae', 'http://lorempixel.com/1/1/abstract/'),
	('68', 'explicabo', 'http://lorempixel.com/1/1/abstract/'),
	('69', 'ducimus', 'http://lorempixel.com/1/1/abstract/'),
	('70', 'voluptatem', 'http://lorempixel.com/1/1/abstract/'),
	('71', 'laboriosam', 'http://lorempixel.com/1/1/abstract/'),
	('72', 'numquam', 'http://lorempixel.com/1/1/abstract/'),
	('73', 'aut', 'http://lorempixel.com/1/1/abstract/'),
	('74', 'possimus', 'http://lorempixel.com/1/1/abstract/'),
	('75', 'molestiae', 'http://lorempixel.com/1/1/abstract/'),
	('76', 'debitis', 'http://lorempixel.com/1/1/abstract/'),
	('77', 'tempora', 'http://lorempixel.com/1/1/abstract/'),
	('78', 'quos', 'http://lorempixel.com/1/1/abstract/'),
	('79', 'voluptate', 'http://lorempixel.com/1/1/abstract/'),
	('80', 'temporibus', 'http://lorempixel.com/1/1/abstract/'),
	('81', 'veniam', 'http://lorempixel.com/1/1/abstract/'),
	('82', 'rerum', 'http://lorempixel.com/1/1/abstract/'),
	('83', 'quasi', 'http://lorempixel.com/1/1/abstract/'),
	('84', 'impedit', 'http://lorempixel.com/1/1/abstract/'),
	('85', 'ipsum', 'http://lorempixel.com/1/1/abstract/'),
	('86', 'eligendi', 'http://lorempixel.com/1/1/abstract/'),
	('87', 'consequuntur', 'http://lorempixel.com/1/1/abstract/'),
	('88', 'nam', 'http://lorempixel.com/1/1/abstract/'),
	('89', 'animi', 'http://lorempixel.com/1/1/abstract/'),
	('90', 'et', 'http://lorempixel.com/1/1/abstract/'),
	('91', 'et', 'http://lorempixel.com/1/1/abstract/'),
	('92', 'optio', 'http://lorempixel.com/1/1/abstract/'),
	('93', 'incidunt', 'http://lorempixel.com/1/1/abstract/'),
	('94', 'quisquam', 'http://lorempixel.com/1/1/abstract/'),
	('95', 'nobis', 'http://lorempixel.com/1/1/abstract/'),
	('96', 'tenetur', 'http://lorempixel.com/1/1/abstract/'),
	('97', 'sint', 'http://lorempixel.com/1/1/abstract/'),
	('98', 'fugit', 'http://lorempixel.com/1/1/abstract/'),
	('99', 'nam', 'http://lorempixel.com/1/1/abstract/'),
	('100', 'qui', 'http://lorempixel.com/1/1/abstract/'),
	('101', 'amet', 'http://lorempixel.com/1/1/abstract/'),
	('102', 'autem', 'http://lorempixel.com/1/1/abstract/'),
	('103', 'voluptate', 'http://lorempixel.com/1/1/abstract/'),
	('104', 'quaerat', 'http://lorempixel.com/1/1/abstract/'),
	('105', 'ea', 'http://lorempixel.com/1/1/abstract/'),
	('106', 'distinctio', 'http://lorempixel.com/1/1/abstract/'),
	('107', 'quo', 'http://lorempixel.com/1/1/abstract/'),
	('108', 'laudantium', 'http://lorempixel.com/1/1/abstract/'),
	('109', 'non', 'http://lorempixel.com/1/1/abstract/'),
	('110', 'laborum', 'http://lorempixel.com/1/1/abstract/'),
	('111', 'dicta', 'http://lorempixel.com/1/1/abstract/'),
	('112', 'incidunt', 'http://lorempixel.com/1/1/abstract/'),
	('113', 'sint', 'http://lorempixel.com/1/1/abstract/'),
	('114', 'odio', 'http://lorempixel.com/1/1/abstract/'),
	('115', 'officiis', 'http://lorempixel.com/1/1/abstract/'),
	('116', 'consequatur', 'http://lorempixel.com/1/1/abstract/'),
	('117', 'voluptas', 'http://lorempixel.com/1/1/abstract/'),
	('118', 'libero', 'http://lorempixel.com/1/1/abstract/'),
	('119', 'nihil', 'http://lorempixel.com/1/1/abstract/'),
	('120', 'laboriosam', 'http://lorempixel.com/1/1/abstract/'),
	('121', 'ut', 'http://lorempixel.com/1/1/abstract/'),
	('122', 'voluptatibus', 'http://lorempixel.com/1/1/abstract/'),
	('123', 'consequatur', 'http://lorempixel.com/1/1/abstract/'),
	('124', 'dolorem', 'http://lorempixel.com/1/1/abstract/'),
	('125', 'cum', 'http://lorempixel.com/1/1/abstract/'),
	('126', 'dolore', 'http://lorempixel.com/1/1/abstract/'),
	('127', 'magnam', 'http://lorempixel.com/1/1/abstract/'),
	('128', 'est', 'http://lorempixel.com/1/1/abstract/'),
	('129', 'voluptatem', 'http://lorempixel.com/1/1/abstract/'),
	('130', 'beatae', 'http://lorempixel.com/1/1/abstract/'),
	('131', 'est', 'http://lorempixel.com/1/1/abstract/'),
	('132', 'voluptatem', 'http://lorempixel.com/1/1/abstract/'),
	('133', 'quia', 'http://lorempixel.com/1/1/abstract/'),
	('134', 'temporibus', 'http://lorempixel.com/1/1/abstract/'),
	('135', 'fugit', 'http://lorempixel.com/1/1/abstract/'),
	('136', 'aut', 'http://lorempixel.com/1/1/abstract/'),
	('137', 'et', 'http://lorempixel.com/1/1/abstract/'),
	('138', 'dicta', 'http://lorempixel.com/1/1/abstract/'),
	('139', 'maiores', 'http://lorempixel.com/1/1/abstract/'),
	('140', 'neque', 'http://lorempixel.com/1/1/abstract/'),
	('141', 'ut', 'http://lorempixel.com/1/1/abstract/'),
	('142', 'ab', 'http://lorempixel.com/1/1/abstract/'),
	('143', 'esse', 'http://lorempixel.com/1/1/abstract/'),
	('144', 'eum', 'http://lorempixel.com/1/1/abstract/'),
	('145', 'voluptates', 'http://lorempixel.com/1/1/abstract/'),
	('146', 'molestias', 'http://lorempixel.com/1/1/abstract/'),
	('147', 'in', 'http://lorempixel.com/1/1/abstract/'),
	('148', 'aut', 'http://lorempixel.com/1/1/abstract/'),
	('149', 'et', 'http://lorempixel.com/1/1/abstract/'),
	('150', 'iste', 'http://lorempixel.com/1/1/abstract/');

INSERT INTO roles
	(role)
VALUES
	('Executive producer'),
	('Producer'),
	('Director'),
	('Writer'),
	('Star'),
	('Director of photography'),
	('Film editor'),
	('Casting '),
	('Production Design'),
	('Music'),
	('Art Direction'),
	('Set Decoration'),
	('Assistant Director'),
	('Special Effects'),
	('Visual Effects'),
	('Sound designer'),
	('Stunt');

INSERT INTO title_types -- 6
	(title_type)
VALUES
	('Feature Film'),
	('TV Movie'),
	('TV Series'),
	('Short Film'),
	('Mini-Series'),
	('Animation');


-- ----------------------------------- USERS

INSERT INTO users
	(signed_up_at, email, phone_number, username, password_hash)
VALUES
	('2014-04-20 00:37:22', 'conroy.astrid@example.net', '4988215960', 'Calista',
	 '2497d7bf2380c2d18d8542969d786e17bc43946b'),
	('2014-11-10 15:01:37', 'salvatore81@example.com', '4980540018', 'Velda',
	 '0bc287949232f347d81c0c92da8e3523c5451a96'),
	('2014-02-21 02:48:28', 'barrows.abby@example.org', '4955717093', 'Keely',
	 'fe3871d03b389fdbc4850d8beb4beeaac6ff1db6'),
	('2014-11-12 02:46:45', 'edna.cummings@example.org', '4959362895', 'Ferne',
	 '524b4ce87eebccbf2ab92966435264f00a903454'),
	('2014-12-31 18:19:12', 'christiansen.dewitt@example.org', '4973833163', 'Caroline',
	 'e66f655438339151cd9d40136915d3cbb634859c'),
	('2016-10-27 21:23:59', 'rita.romaguera@example.org', '4983792075', 'Adella',
	 '25c533d89f008cdd3bb27613e035a34c16bc4e4f'),
	('2018-04-17 08:09:19', 'idurgan@example.com', '4954267775', 'Maybell', '630e836059511d6141ff0337b6170749527ef95a'),
	('2018-02-26 13:19:43', 'hiram.bogisich@example.net', '4974550320', 'Enrico',
	 '55855c984516e1ba805f313ab39dec9bd40e6056'),
	('2017-12-29 15:19:24', 'irving83@example.net', '4977142078', 'Michaela',
	 'c39aeee99e0e80dbd2f414883a4c82e927da8c7e'),
	('2017-08-27 17:04:28', 'margie00@example.org', '4965874500', 'Vern', '826e1365e4a723e8a71765d1e262f82f5d1ec036'),
	('2008-04-10 10:19:15', 'crussel@example.org', '4978469270', 'Elbert', '759aee26f0e25811ceacae0014bb6cf973e8ad1d'),
	('2017-02-23 09:21:31', 'koss.ludie@example.net', '4985721302', 'Merle',
	 '61c3ee147999cdb84822c07e7f470c638eaa5a59'),
	('2008-01-09 10:18:11', 'vkonopelski@example.org', '4957707646', 'Amy', '5fb6961689eeef0f5b8d4db51782bf8f84abde89'),
	('2014-04-25 19:15:03', 'keanu.hahn@example.org', '4985896025', 'Rosie',
	 '7348c92c73cfcab20aa8dc540b24be7e30b7664f'),
	('2017-04-26 00:04:16', 'carter.korbin@example.com', '4990212644', 'Deion',
	 '810d0fd4d73c48fbcb6134ee7a2811276bcf8ce3'),
	('2018-12-17 10:30:42', 'rita55@example.com', '4998081805', 'Earl', '6eb8a537b5b95713e08760669fdde58c6f981c10'),
	('2017-09-13 10:19:18', 'goyette.davion@example.org', '4966257735', 'Katherine',
	 '4496747935b59179e50ce15910803856c6e34877'),
	('2018-12-13 20:31:16', 'nathanael43@example.net', '4961042357', 'Derek',
	 '5d1847e536c69a6c030bb0c386e8b7dfbbd941bd'),
	('2006-07-25 15:20:08', 'hank53@example.net', '4981571831', 'Alexander',
	 '90f4258e5a7c55b6b251a493770957864f1dc0a4'),
	('2018-03-29 19:50:38', 'raynor.arne@example.org', '4970992354', 'Hunter',
	 'bf275e9b173d4401c91a6461cfa2778c79b28b50'),
	('2017-02-28 17:46:24', 'toy.betsy@example.net', '4990218542', 'Brionna',
	 'fb372a04fd465f3c73a4a49127af5b1851197a01'),
	('2014-08-10 02:01:55', 'pmohr@example.net', '4991854747', 'Norbert', '50040642bdec1f8b07e9e7e80d9747dde3848321'),
	('2018-07-16 11:31:57', 'melyna15@example.net', '4997092167', 'Helen', 'b06de61517648326257ff7fa8656e9fef7b298ca'),
	('2009-11-16 05:00:37', 'mauricio.williamson@example.net', '4959190495', 'Joe',
	 '222ecf513a712d9fedcb756aa31be3f9780d9f9d'),
	('2009-08-05 09:00:24', 'joanny57@example.net', '4951235399', 'Madonna',
	 '05afa6c4bdf916310822ff90bd0955072158412b'),
	('2018-01-09 11:37:40', 'porter65@example.org', '4957567082', 'Blair', '74204413c2d3d9b38186572b00d346cf59a3cce0'),
	('2014-03-06 15:00:10', 'francesca.bartoletti@example.com', '4996996288', 'Brenden',
	 '9f0f7794b4444ec30853a9775133a03ca20b32e3'),
	('2017-08-26 11:26:54', 'robel.emmet@example.net', '4997030429', 'Susie',
	 '5317e5f50afcc5a2b0dfcbebabc167c3b9cb0389'),
	('2014-09-18 22:28:20', 'grace.gleason@example.com', '4964949298', 'Kaitlyn',
	 'b9b02e6916d489149db02c1bbaab08c47b5d7262'),
	('2018-03-20 05:06:13', 'xhickle@example.com', '4979059498', 'Ophelia', 'c351c5ec98ad0554df96e82c2a3cca6e10eaacd6'),
	('2014-10-19 09:58:37', 'conor.ferry@example.org', '4989874884', 'Zackery',
	 '9cb0477010ccecd19d73dc0e6f1317a0cac35975'),
	('2018-06-09 23:54:52', 'littel.cleta@example.net', '4985096648', 'Mellie',
	 'fa668de19789d8e4ec950a7f69ea0b4ab198a898'),
	('2019-11-17 04:16:52', 'king.haven@example.com', '4975600196', 'Madisen',
	 'b3d7f2444b68185ff1ea9fa46611be6af03fac15'),
	('2004-08-20 19:51:31', 'sanford.leta@example.org', '4978943353', 'Jacinthe',
	 '43d61e1144d82db7b7aae1ee6fb3f6dfad96f149'),
	('2001-12-31 01:00:23', 'uankunding@example.net', '4964438517', 'Cleve',
	 '297088e03462f416f129bb243f63835db4084503'),
	('2012-09-24 02:30:07', 'breitenberg.keith@example.com', '4963265063', 'Margret',
	 'd15229294ce64e7c40fbc9051c05240ad083ad29'),
	('2014-02-20 01:37:19', 'fgibson@example.net', '4992149214', 'Vladimir',
	 '1955e16790744b850161fcad24b7e8bf7539c4d6'),
	('2017-07-26 17:04:12', 'larson.trisha@example.net', '4977518512', 'Dorcas',
	 '8d7c20d2083905b29b66ebfb020d128ea30e23c8'),
	('2015-01-04 07:55:28', 'neva84@example.com', '4992330498', 'Candido', '53432c97770b024061a5929ca80a72c047876315'),
	('2017-08-16 03:09:59', 'leannon.annabel@example.net', '4994805035', 'Rasheed',
	 '1a17baae61c18894bfbaeff44be51b1e1214bfac'),
	('2019-04-03 03:44:52', 'fjohns@example.org', '4982317991', 'Quinn', 'adefbde866661336dc70d88b740cc6ad9cac1a95'),
	('2017-12-05 18:22:30', 'wrowe@example.org', '4977081103', 'Kaylin', '44d6cdd46deb11b191996985dd2870042bc63239'),
	('2014-03-18 12:44:13', 'wilfrid.rodriguez@example.net', '4977998761', 'Chyna',
	 '742abd3323df37b95c729f911cf8aa5493128e17'),
	('2018-09-20 20:07:15', 'kellen.koss@example.org', '4972989785', 'Lonnie',
	 'a10052abc1a69ade01eb549a746542110f6a5436'),
	('2014-05-27 22:58:19', 'swelch@example.org', '4976724645', 'Francesca',
	 '206b03cbc8495873dd918f67784867361ffb1bae'),
	('2012-07-21 13:49:41', 'elenor29@example.org', '4980771654', 'Garry', '077c80da2f8720018e3cb0e42ce0202df56835e3'),
	('2018-02-11 17:10:32', 'allene13@example.net', '4970710551', 'Mavis', 'af6701de89c8c317a2e7beb415c14126be68879b'),
	('2018-05-23 02:45:54', 'kiehn.celia@example.net', '4997176833', 'Nelle',
	 'c14a98bb697b111e78f320974e86e7d503a76f25'),
	('2019-04-12 16:07:49', 'memard@example.net', '4973685883', 'Katlyn', '307628dd87c8672184c28e3574f15cecd15721ca'),
	('2014-11-27 17:08:56', 'qmclaughlin@example.org', '4987009135', 'Jesus',
	 '4642d6db63eb75a2b70e757f2ee3977061aa98ed'),
	('2012-09-26 19:08:43', 'laverne74@example.com', '4991587177', 'Deonte',
	 '3e561b2d986ba88a8c967accfefc3d96e981c46e'),
	('2012-04-21 12:35:35', 'adietrich@example.org', '4962568339', 'Antonetta',
	 '8245ccbd4af7f236d0d6545a5fbdb43b2749ca02'),
	('2018-08-21 02:56:46', 'ernie.hackett@example.com', '4963248946', 'Edgar',
	 '4107f820b6c9d3cc627442873443fa5690987209'),
	('2011-05-15 17:49:18', 'iframi@example.org', '4992657913', 'Arnoldo', '75777db2a73510c3d856c1e2ff28bfc04f9b7386'),
	('2019-01-08 02:51:10', 'kreiger.zoe@example.net', '4953499887', 'Kevon',
	 'ad43fb6af7a8f7c56e69093ff075cd4a2707c3de'),
	('2018-05-23 02:02:27', 'misael25@example.com', '4994610326', 'Mabel', '24641ad8db30a914c56d9281441a7cece1948560'),
	('2018-01-01 01:49:53', 'lesch.jana@example.net', '4975634524', 'Bobby',
	 'b7d6339c900067a7cfbbfdc85d100024e3bc2235'),
	('2015-04-05 02:22:52', 'maggio.lila@example.com', '4955295116', 'Flavie',
	 '1fb0fc2d85580d94adc834b3da031b9de3ff4766'),
	('2014-06-25 17:38:38', 'dell93@example.com', '4992978452', 'Lucious', 'f1a6506dd50fc0d36614d5b1fa5c0b192b70f4de'),
	('2014-06-12 23:55:59', 'weissnat.glenna@example.net', '4985845333', 'Rafaela',
	 'a31e9267da1eb0866b88396d3d031468a3209767'),
	('2014-08-11 08:10:29', 'rhettinger@example.org', '4974166806', 'Jerod',
	 '3a926aeacbedc38c577bb7d3e358a078d5ba9f08'),
	('2017-12-20 12:28:31', 'zoila.aufderhar@example.com', '4967615602', 'Santino',
	 '203d15cfc6c5306fc28116e79b0f8d51ec9bb21f'),
	('2000-01-12 13:53:05', 'hildegard.greenfelder@example.org', '4988129841', 'Pablo',
	 '0da3841ea9688692a866738ef5622f99f612fb9e'),
	('2017-06-27 00:08:25', 'jast.stephania@example.net', '4966831731', 'Jailyn',
	 '05cb429b9e7ac8b19b7cca12b4fb4a9f12896155'),
	('2017-10-21 12:29:08', 'kaley95@example.com', '4989837268', 'Dortha', 'ad35cd0864035a4047f1dc0c68b99e3f2c75be95'),
	('2018-01-13 10:25:03', 'dbalistreri@example.org', '4960166070', 'Frida',
	 '566726dd6114ae5c8bb37961158847069c92f3e9'),
	('2001-12-06 21:17:33', 'pouros.deshawn@example.org', '4951018454', 'Clara',
	 'a4556a8a1b9645fb2ef841afed781d6bb7cad930'),
	('2018-06-04 03:38:46', 'yvonne75@example.org', '4974961866', 'Cierra', '7485176b835585008957e9492099df8988b5f160'),
	('2017-07-18 13:00:33', 'wilmer.reinger@example.net', '4995869706', 'Jayda',
	 '28c41aa60432f995598a9cacb1ef569efaf15aa2'),
	('2018-09-10 03:21:01', 'larson.henderson@example.com', '4991022550', 'Giles',
	 '1475bbc4bc52746573583bbb46337706af2617c1'),
	('2005-11-11 21:43:16', 'lwaters@example.net', '4956655288', 'Hassan', 'e7e8ddf2a764db32227d406b45c6713d4706069a'),
	('2016-07-25 05:14:23', 'earl.berge@example.net', '4984415382', 'Hadley',
	 '05c8e42cdbf8dcd509864fa4e81d89ed7909dbd4'),
	('2018-10-20 22:21:00', 'vbecker@example.org', '4950464826', 'Alaina', '6d9dd8194537c37e8dae1bc8ae539516a7cfa90b'),
	('2018-01-01 08:39:17', 'cconnelly@example.org', '4954152269', 'Antwan',
	 '7d16bf39c24ce80e2e2119f1c8faf5c6295f0030'),
	('2014-10-01 13:55:33', 'jordane39@example.org', '4952800375', 'Raheem',
	 'b1aea535069388fd5ebe0e44dd3fa83fe0105866'),
	('2014-05-09 03:24:02', 'elenor38@example.net', '4950144780', 'Tom', '2a222fcf5b1ffbe617f76b52e5c5a6780e0887fb'),
	('2017-09-22 12:01:02', 'lonnie.kuhic@example.org', '4995294899', 'Nash',
	 '55ae81b6762d47357a7f3708b62949cd9d98af4d'),
	('2018-03-07 04:55:33', 'steuber.velva@example.net', '4976488900', 'Laron',
	 '8517d50e94d7cc224cf3891fd9a71c1ca09139e2'),
	('2017-11-22 02:36:44', 'cwolf@example.com', '4970071668', 'Adolph', 'a8072e013638d0e99f5216188b47e1f9b36449cd'),
	('2000-05-26 08:01:30', 'jody.greenfelder@example.com', '4966246382', 'Jewel',
	 '04198e320dfe2518e7d5cf935cda4022f183fe75'),
	('2018-06-30 13:36:21', 'quigley.courtney@example.net', '4965667755', 'Wyman',
	 '91cc0a6c832b89829963fbb66be787b308674477'),
	('2003-07-15 19:57:38', 'lorine.parisian@example.org', '4958005160', 'Austen',
	 '2cd2a51ca4719897191281b8b0be400ca6dd1750'),
	('2018-09-21 08:12:40', 'ggoldner@example.net', '4996424678', 'Delores',
	 'edd6e703e7dae15e653b64bad9c101aa127a196d'),
	('2018-01-23 21:27:30', 'dubuque.rupert@example.net', '4983168732', 'Chaz',
	 'b4a973c4f37754ec71a9e91762d77cdf3ef6a37e'),
	('2017-12-06 20:18:35', 'akutch@example.net', '4987902484', 'Michale', '443c2e68a2cb04ee1294437690d594b0c39ccf14'),
	('2019-11-04 18:38:11', 'elian34@example.com', '4951774599', 'Merritt', '7b065af1269b7174d7e77e5dd81e0c300b29632a'),
	('2018-03-11 01:54:25', 'renner.gideon@example.net', '4990971678', 'Nellie',
	 'ae36d94fa976e1b2c3b2407eaa9a2337cd9e8380'),
	('2009-08-11 02:50:12', 'forest.schmeler@example.net', '4972988724', 'Lucinda',
	 '5e50e62119beb4b0ba3fd3a9dc5d45d22efa9838'),
	('2017-02-02 17:04:50', 'adams.thad@example.com', '4963532715', 'Fabiola',
	 '11781ff32b1d3e584305f4b654d232057a8577fc'),
	('2018-11-13 11:28:30', 'eledner@example.net', '4993655341', 'Lilly', '14929fe929c3e0f1d7a43317f1ba86a49ed10f15'),
	('2017-07-10 01:53:15', 'kieran.purdy@example.com', '4979559840', 'Clementina',
	 '0f3b6ecb25e7f35797aaba3ed4cad0d1b25421b3'),
	('2017-05-16 18:56:52', 'bahringer.gordon@example.com', '4982588658', 'Boyd',
	 'd2fcaf0ec097884b039c3855eb776a4fde59f579'),
	('2007-02-20 11:20:56', 'blake.brakus@example.net', '4975091430', 'Hector',
	 '78259e7cf63933f57327e9ed0e6fd99629a46b47'),
	('2014-10-10 07:50:36', 'sydnee.bradtke@example.net', '4974363483', 'Gennaro',
	 '0d9ad91d0078b761a7bab47f1ecfbcee41f1637a'),
	('2017-07-03 13:27:43', 'huel.adela@example.org', '4967256786', 'Jovany',
	 '95aa442776465ae8f1e438dec38a47f348eab36a'),
	('2018-03-19 01:09:00', 'leon.stroman@example.com', '4968991201', 'Samanta',
	 '6519f5e9190f12325b1e6b00afd01e8e5018592c'),
	('2003-12-26 21:12:53', 'guillermo.collier@example.com', '4996009877', 'Jody',
	 'f9e8b7398ba4285b07ddb31c440b56ec2c1a4754'),
	('2017-01-21 10:10:26', 'felton62@example.org', '4955100198', 'Rahul', '3e480520657cdee4b20a53faa1837102b1a75d06'),
	('2018-02-03 10:33:44', 'nader.celine@example.net', '4974059648', 'Kale',
	 '1c5184e8cf10ce39f85993f1d2a41c166b1530d1'),
	('2006-04-17 22:23:39', 'anya08@example.net', '4967586770', 'Bridgette',
	 '490e7d0a9b5d21049b1f8e47b058f42eb517a8ab');

INSERT INTO user_profiles
	(user_id, avatar, first_name, last_name, gender, date_of_birth, country_id, about)
VALUES
	('1', '75', 'Verlie', 'Upton', 'm', '2001-05-06', '2',
	 'Aut ducimus et voluptate. Veniam ut aliquam est optio nobis nihil. Totam aut excepturi enim quia voluptas esse.'),
	('2', '8', 'Alanis', 'Gorczany', 'm', '2009-05-29', '6',
	 'Veritatis nobis molestiae pariatur alias. Aut aut repudiandae consequatur accusamus minima enim. Sapiente minima earum eos hic.'),
	('3', '125', 'Kristy', 'Nikolaus', 'm', '1998-07-12', '5',
	 'Sit quia quos eum assumenda eum esse dolores expedita. Sequi est nesciunt a et. Cum ipsum consequuntur itaque consequatur aut non.'),
	('4', '81', 'Dusty', 'Wintheiser', 'm', '1984-03-28', '3',
	 'Impedit velit explicabo fugiat recusandae. Quaerat aut architecto in cumque. Recusandae labore exercitationem voluptas quo. Quod assumenda et fuga.'),
	('5', '97', 'Chaya', 'Hickle', 'f', '2017-11-24', '3',
	 'Voluptas facere fugiat quis voluptate non molestiae. Et alias possimus nam quibusdam ducimus voluptas qui.'),
	('6', '29', 'Delilah', 'Tremblay', 'm', '1971-03-19', '6',
	 'At culpa minus nihil nulla. Amet velit provident esse animi accusantium a ipsam. Quo consequatur minima aliquam facere quis pariatur incidunt.'),
	('7', '94', 'Timmy', 'Cormier', 'm', '1986-04-04', '3',
	 'Ad dolorem adipisci illo doloribus. In qui aut pariatur voluptatem. Veniam necessitatibus doloribus id et.'),
	('8', '60', 'Serena', 'Lindgren', 'm', '2001-05-27', '2',
	 'Commodi ipsa dolorem qui vel. Et nulla similique et tempore.'),
	('9', '142', 'Candido', 'Wiza', 'f', '1987-11-12', '3',
	 'Aut perferendis porro labore aspernatur dignissimos deleniti. Sit enim inventore odio quos accusantium libero. Molestias est illo provident ipsam.'),
	('10', '60', 'Leonie', 'Rosenbaum', 'f', '1986-12-29', '5',
	 'Necessitatibus at accusamus veniam suscipit perspiciatis. Cumque laborum odit enim voluptates. Eius accusantium et quo incidunt.'),
	('11', '123', 'Mattie', 'Gorczany', 'm', '1987-12-06', '3',
	 'Est quibusdam eaque blanditiis maxime omnis dignissimos. Veritatis sint enim hic modi excepturi omnis unde in. Architecto molestiae quas omnis.'),
	('12', '120', 'Breana', 'Langosh', 'f', '2003-01-23', '6',
	 'Tenetur ipsam fuga est esse ut aspernatur. Nihil delectus in fuga et dolores et. Voluptates non omnis itaque quia sunt dolor rerum.'),
	('13', '44', 'Enrico', 'Zulauf', 'f', '1982-11-25', '2',
	 'Ut dolorem aut et tenetur aperiam. Modi quam libero saepe eligendi exercitationem rem. Nobis amet enim non tempora quaerat quas et ad.'),
	('14', '9', 'Marian', 'Becker', 'f', '1989-09-27', '1',
	 'Quod natus ab distinctio sed deserunt error earum est. Aut qui quae aut ipsum et et. Molestias voluptas modi nihil.'),
	('15', '126', 'Kaitlyn', 'Kemmer', 'f', '2008-10-25', '3',
	 'Odit ipsum repellat omnis fuga. Quasi suscipit vel omnis aliquam ut. Aliquid ipsa atque hic quia. Explicabo aut beatae delectus ut.'),
	('16', '144', 'Stuart', 'Crona', 'm', '2001-04-12', '6',
	 'Veniam hic mollitia libero et aut. Eum laboriosam consectetur sapiente a molestias. Excepturi explicabo sit odio ab.'),
	('17', '41', 'Karson', 'Bins', 'm', '1997-09-03', '2',
	 'Qui culpa doloribus autem totam quo. Dignissimos doloremque ut accusantium ut. Harum eum sit rerum officia in.'),
	('18', '82', 'Vinnie', 'Lockman', 'f', '1992-08-07', '3',
	 'Qui quidem similique sit. Vitae ullam excepturi occaecati aut qui quo porro. Recusandae dolor rerum modi voluptas voluptatem est.'),
	('19', '30', 'Nayeli', 'Hettinger', 'f', '2010-07-01', '4',
	 'Voluptatem quam ea aut repellendus neque qui. Quidem cumque quia et possimus accusamus. Placeat eaque officiis dolorem sunt.'),
	('20', '93', 'Gerhard', 'Greenfelder', 'm', '2014-02-22', '3',
	 'Occaecati quia fugit non qui. Architecto excepturi dolor qui. Ab aut iure sint exercitationem quibusdam.'),
	('21', '12', 'Greta', 'Kemmer', 'm', '1976-03-10', '4',
	 'Aliquam quae vero culpa nesciunt qui modi quaerat. Consequuntur necessitatibus est debitis possimus vel. Cum aut aliquid quidem blanditiis alias.'),
	('22', '111', 'Juliet', 'Sipes', 'f', '1988-01-01', '1',
	 'Et cumque dignissimos commodi incidunt exercitationem nisi maxime. Ut libero sunt sed praesentium. Eos et sequi praesentium est.'),
	('23', '57', 'Adaline', 'Farrell', 'm', '1998-12-21', '4',
	 'Sit iusto rerum sunt nihil praesentium inventore. Alias autem reiciendis perferendis molestiae tempora ea repellendus.'),
	('24', '16', 'Rod', 'Herzog', 'f', '1975-01-04', '2',
	 'Rerum minus ducimus veniam nemo. Ut id doloremque ea quis voluptatem eum est illum. Nobis neque est voluptatem cupiditate earum.'),
	('25', '29', 'Martin', 'Conn', 'f', '1972-03-08', '5',
	 'Quia ad quibusdam ut. Ut rerum eligendi adipisci voluptas voluptatibus. Fugit similique illum facilis error aut pariatur ipsa aliquid.'),
	('26', '27', 'Berenice', 'Kerluke', 'm', '2004-03-25', '5',
	 'Id in dolor quis sint aut incidunt. Perferendis quasi beatae non sapiente repudiandae dolorum. Et nam velit labore.'),
	('27', '140', 'Mary', 'Auer', 'm', '1977-07-28', '2',
	 'Error voluptas excepturi nobis id. Possimus eos vero fugiat quis delectus ut. Odit qui rem quo consequatur.'),
	('28', '2', 'Maureen', 'Hermann', 'f', '1984-05-27', '6',
	 'Dicta consequatur esse ut esse eligendi occaecati quis omnis. Sit vel labore voluptatem et. Ut consequatur tempora qui consequatur.'),
	('29', '57', 'Gardner', 'Hermann', 'f', '1977-05-22', '4',
	 'Nobis ut quia dolorem quas et est quis. Veniam itaque qui et iure dolores.'),
	('30', '4', 'Grayce', 'Lindgren', 'm', '1971-08-27', '6',
	 'Labore culpa suscipit sit vel ut laborum dignissimos. Assumenda consequuntur dolores eos omnis. Sequi sit dolores quo commodi doloremque.'),
	('31', '75', 'Ben', 'Kris', 'm', '2001-09-20', '5',
	 'Exercitationem explicabo vel quod aut. Numquam fugit cum dolor in minima. Rerum quia fugiat et aut porro.'),
	('32', '52', 'Lottie', 'Schroeder', 'f', '1986-06-20', '1',
	 'Voluptatem animi vitae suscipit occaecati doloribus dicta. Ad id animi non. Et et sint quia.'),
	('33', '18', 'Sasha', 'Sawayn', 'm', '1987-02-21', '1',
	 'Et quod aliquam quia et debitis. Error sit possimus odit est accusantium. Non inventore et rerum sint.'),
	('34', '126', 'Jacinthe', 'O\'Reilly', 'm', '1977-07-09', '5',
	 'Minus quod officia qui excepturi qui voluptatem eaque. Magnam enim hic rerum voluptatem dolores eum a. Iusto dolores soluta non non.'),
	('35', '106', 'Lucius', 'Nienow', 'm', '2007-05-25', '6',
	 'Vitae exercitationem molestiae tempora iure rerum. Iste odit quia tempora voluptas distinctio consequatur. Dolores repudiandae et reiciendis sit.'),
	('36', '135', 'Oma', 'Strosin', 'm', '1994-08-16', '1',
	 'Dolorem provident ut dolore quasi sit voluptas. Natus eos odio laboriosam qui dicta est delectus.'),
	('37', '143', 'Joelle', 'McLaughlin', 'f', '1975-10-16', '2',
	 'Quos veniam debitis labore exercitationem. Eum optio laborum nemo deleniti ut. Rerum aut minima animi nihil nisi mollitia ipsa sed.'),
	('38', '47', 'Kristian', 'Carter', 'm', '1971-03-13', '2',
	 'Pariatur atque iusto voluptatibus consequatur accusantium alias ea. Ut tempora qui rerum. Officiis quas perferendis amet.'),
	('39', '104', 'Leopold', 'Cassin', 'm', '2000-04-06', '2',
	 'Molestias est est placeat occaecati veritatis optio fugiat. Corporis quis qui neque dolor ea. Inventore sit est earum est aut debitis.'),
	('40', '139', 'Joannie', 'Kutch', 'm', '1982-09-02', '3',
	 'Quia et temporibus itaque saepe vel. Eligendi omnis amet quia quia enim. Iure architecto odit similique eius est exercitationem.'),
	('41', '67', 'Maureen', 'Nitzsche', 'f', '1987-09-27', '2',
	 'Aut minus quisquam excepturi cupiditate. Quis quisquam amet inventore aperiam dolorem asperiores. Doloribus quia laborum in in mollitia tempore.'),
	('42', '92', 'Hans', 'Nitzsche', 'm', '2001-07-18', '6',
	 'Placeat et reprehenderit mollitia qui voluptatem ipsam. Exercitationem quis similique non qui officia doloribus.'),
	('43', '119', 'Adaline', 'Armstrong', 'm', '1974-08-17', '5',
	 'Omnis et qui perferendis non aut nihil provident. Ipsam libero rerum officia nisi aspernatur impedit ut. Et nemo quasi blanditiis voluptas iusto.'),
	('44', '147', 'Lupe', 'Schulist', 'm', '1984-08-21', '3',
	 'Delectus eius qui corrupti sapiente quod ipsa cum quia. Ratione laudantium voluptatem quo cupiditate explicabo tempora illum. Iste eligendi et autem.'),
	('45', '94', 'Virgie', 'Murazik', 'm', '2008-10-21', '4',
	 'Qui sed et recusandae velit. Totam officiis dolor nostrum voluptatem eum quis. Qui ab qui dolorem voluptatem.'),
	('46', '16', 'Tillman', 'Marquardt', 'm', '1999-10-02', '5',
	 'Dolorem praesentium dicta blanditiis debitis. Est ut debitis est aspernatur. Voluptatem quisquam hic quod nesciunt ipsam est distinctio.'),
	('47', '92', 'Randy', 'Streich', 'm', '1986-09-01', '6',
	 'Eveniet incidunt dolores in est. Ullam asperiores pariatur suscipit rerum voluptatem sit id. Fuga nemo est non atque culpa aut accusamus.'),
	('48', '38', 'Micheal', 'Gibson', 'f', '1998-06-10', '3',
	 'Itaque excepturi voluptas odio voluptates nesciunt. Quia ea dolorem dicta cupiditate vel. Dolor explicabo at sunt modi beatae adipisci enim.'),
	('49', '148', 'Ezra', 'Zboncak', 'f', '1988-01-18', '2',
	 'Aspernatur consequatur consequuntur amet porro. Ipsa fugiat ullam tempore est natus corporis corporis. Rerum occaecati et ea temporibus nihil non.'),
	('50', '38', 'Lorine', 'Stokes', 'f', '1988-05-21', '3',
	 'Voluptas et quis perspiciatis ab quia. Nam nostrum magnam praesentium amet ut. Sint fuga ea tenetur voluptatum consequatur neque distinctio.'),
	('51', '21', 'Ansley', 'Blanda', 'f', '1986-01-04', '2',
	 'Sit et ullam impedit recusandae accusamus. Eum sed fugit laudantium. Eveniet tempora incidunt libero. Neque vel rerum molestiae aut.'),
	('52', '148', 'Enos', 'Hickle', 'f', '1988-09-07', '2',
	 'Vero eveniet ducimus aut omnis rem suscipit. Nam voluptatibus similique in qui molestias est similique. Quia aut exercitationem soluta nobis.'),
	('53', '44', 'Sadye', 'Effertz', 'f', '1997-01-18', '2',
	 'Vitae voluptatem qui architecto blanditiis. Non facilis consequatur aliquam laborum. Aut quisquam harum animi laborum qui.'),
	('54', '45', 'Moses', 'Ondricka', 'm', '2002-09-29', '1',
	 'Delectus expedita quia et labore ipsa quia. Hic consequatur et quia dolor voluptates. Dolorum aliquid ut quis doloribus omnis consectetur eos.'),
	('55', '141', 'Aurelie', 'Bergnaum', 'f', '1973-10-06', '6',
	 'Officia nulla ut magni sunt sed. Quod atque voluptatum necessitatibus et. Omnis cumque molestiae alias architecto.'),
	('56', '79', 'Velda', 'Carter', 'f', '2000-06-06', '5',
	 'Magni et ullam ullam. Ut suscipit et sunt odio recusandae. Sed nihil saepe totam.'),
	('57', '120', 'Perry', 'Hackett', 'f', '1972-02-03', '1',
	 'Vitae fugiat in et nobis quisquam quo tenetur. Libero itaque corrupti omnis quia aut voluptatem magnam iste. Magnam quasi eius ea.'),
	('58', '62', 'Orin', 'Rohan', 'm', '2004-11-23', '3',
	 'Voluptatibus nulla sint nisi suscipit harum voluptas voluptatibus. Porro corporis voluptas reiciendis eos ipsa atque. Dolor sit consequatur saepe.'),
	('59', '144', 'Manuel', 'Raynor', 'm', '1998-07-14', '6',
	 'Inventore beatae laudantium dolores vel. Magni aliquid saepe est repellat et blanditiis. Totam corrupti nemo et. Qui culpa dolores facilis.'),
	('60', '101', 'Sheridan', 'Rippin', 'f', '2004-01-17', '5',
	 'Molestiae eius nihil numquam illo. Rem corrupti voluptas minima dolorum deleniti esse cupiditate.'),
	('61', '51', 'Pierre', 'Rice', 'm', '1974-02-12', '2',
	 'Dolorum quas fuga ducimus ut id aliquid. Et voluptas ea dolores quo.'),
	('62', '6', 'Kathleen', 'Batz', 'm', '1984-05-27', '5',
	 'Consectetur necessitatibus ad dolorum odit qui esse. Vel debitis sit nam voluptas minima. Asperiores dolores dolorum et non a nostrum delectus eius.'),
	('63', '131', 'Wilhelm', 'Schoen', 'f', '1985-09-30', '6',
	 'Dolor nihil libero sunt velit. A quisquam natus facilis animi. Officia fugiat labore nulla sed. Error consequatur et natus ratione neque consequatur.'),
	('64', '115', 'Maryjane', 'Bogisich', 'f', '1986-06-18', '1',
	 'Laboriosam eum earum perspiciatis sed eos reiciendis. Magnam dicta ullam omnis eaque est. Dolorem quibusdam asperiores quia omnis ut et qui.'),
	('65', '135', 'Finn', 'Eichmann', 'm', '2004-12-25', '4',
	 'Est corrupti ab iure. Similique est pariatur quo quaerat officia. Aliquid aperiam molestiae ut et omnis in vel.'),
	('66', '87', 'Richard', 'O\'Connell', 'm', '1973-06-16', '2',
	 'Esse tenetur illo provident. Non ipsam fugiat quis repellendus qui. Aliquam praesentium laborum ducimus iste quae possimus explicabo dolore.'),
	('67', '149', 'Sydnie', 'Mayert', 'm', '1977-06-29', '4',
	 'Consequatur quam possimus ea est rerum. Eos quos quibusdam cum.'),
	('68', '34', 'Allan', 'Hamill', 'm', '2015-11-30', '3',
	 'Et numquam quo et alias quo exercitationem. Et dolorem aut quia possimus dolor qui. Illum quo dolorem quis rerum eos incidunt.'),
	('69', '65', 'Evan', 'Tremblay', 'm', '2003-04-25', '2',
	 'Accusamus magnam corporis laboriosam sed. Et in quo et ullam sequi et dolore. Totam in quam excepturi necessitatibus expedita odio.'),
	('70', '88', 'Citlalli', 'Stehr', 'f', '1972-06-09', '3',
	 'Consequuntur voluptatem minima enim praesentium. Sunt nihil possimus reiciendis alias. Laudantium est quia in.'),
	('71', '102', 'Fabiola', 'Lowe', 'f', '1980-06-22', '4',
	 'Nihil aspernatur omnis magnam aut quod. Iure repudiandae nihil libero ut temporibus. Qui quia quia omnis aut doloremque porro fugit.'),
	('72', '68', 'Bradley', 'McCullough', 'f', '1972-04-09', '2',
	 'Dolor placeat placeat odio est quo qui quasi. Ea eos reiciendis quibusdam est. Nemo sit atque cupiditate aut aperiam.'),
	('73', '121', 'Danny', 'Deckow', 'm', '1989-12-09', '5',
	 'Iusto dolores omnis quibusdam ut. Unde eaque repellendus dolores necessitatibus qui. Eum rerum corporis aut quisquam nostrum voluptatum qui.'),
	('74', '107', 'Cornell', 'McCullough', 'm', '2007-09-27', '3',
	 'Ab pariatur atque enim. Aut adipisci beatae sequi quam. Unde nihil delectus odio nihil. Cupiditate et et expedita eum nihil vel nesciunt harum.'),
	('75', '130', 'Genevieve', 'Rowe', 'f', '1973-10-29', '1',
	 'Maxime sit consequatur rerum cupiditate facilis totam. Iste dolorum ipsum ut qui veniam. Voluptate consequatur et et dolore.'),
	('76', '142', 'Lonzo', 'Zulauf', 'f', '1988-02-13', '2',
	 'Dolores id quasi nulla omnis. Eos neque eveniet ab nihil assumenda similique.'),
	('77', '77', 'Hailie', 'Fadel', 'm', '1987-01-18', '6',
	 'Laboriosam itaque qui aut tempora aspernatur iure accusantium itaque. Enim et doloremque sunt non. Quo earum aut optio.'),
	('78', '66', 'Ervin', 'Kozey', 'f', '2014-06-28', '5',
	 'Quis quia voluptas provident omnis. Nesciunt qui optio quo ut placeat incidunt dolor minima. Itaque deserunt sed ea voluptatum placeat.'),
	('79', '82', 'Hudson', 'Rippin', 'f', '1982-03-19', '2',
	 'Sit occaecati odit et id. Id quisquam praesentium et quod nisi et.'),
	('80', '38', 'Jerrod', 'Collier', 'm', '2004-05-08', '2',
	 'Et odio et officiis enim porro. Alias nam totam sed. Aperiam rerum fugiat aut.'),
	('81', '64', 'Rex', 'Weimann', 'm', '1997-06-27', '4',
	 'Et voluptatibus reiciendis cupiditate voluptates error. Assumenda similique id nam. Facilis autem ratione aliquam et.'),
	('82', '61', 'Demond', 'Stroman', 'm', '1973-02-26', '4',
	 'Architecto sed tempore eaque. Non corporis voluptas assumenda ratione. Et ex recusandae repellendus quia fugiat repudiandae.'),
	('83', '144', 'Estevan', 'Dietrich', 'm', '2011-06-28', '1',
	 'Ut repellat facere sed quod deleniti. Et ea accusamus cum quia quia necessitatibus officiis. Earum quam hic quia officia.'),
	('84', '51', 'Cydney', 'Welch', 'm', '1999-06-06', '6',
	 'Quia rerum similique iure commodi. Hic doloribus ut error veritatis. Error ea culpa illo culpa optio magnam. Reiciendis unde eos et placeat.'),
	('85', '118', 'Jaylen', 'Rippin', 'm', '1980-09-06', '4',
	 'Atque iusto impedit ipsam iusto fugit consequatur et dolor. Soluta enim asperiores ea distinctio cumque. Dolores consequatur vitae pariatur ut.'),
	('86', '93', 'Stewart', 'Gibson', 'f', '1990-01-01', '1',
	 'Debitis vitae dolores et sint dolorem praesentium architecto. Culpa ut fugit vitae earum. Mollitia consequatur sunt iste et eos quis cupiditate.'),
	('87', '93', 'Sarina', 'Marvin', 'm', '1971-12-12', '3',
	 'Eius voluptas non dolorem atque dolor architecto. Occaecati labore fuga et doloremque earum. Cupiditate blanditiis quis ea nostrum.'),
	('88', '29', 'Odell', 'Dibbert', 'm', '2017-07-12', '6',
	 'Non sit asperiores non dolor dolorem. Eos quia quo qui iste expedita quia.'),
	('89', '27', 'Camilla', 'Kirlin', 'm', '2012-10-30', '2',
	 'Modi voluptate et ducimus. Sint impedit incidunt eos qui quae. Voluptas dicta quo tenetur.'),
	('90', '106', 'Lora', 'Schaden', 'f', '1973-10-09', '6', 'Est qui et quis et. Itaque sit ut eos commodi non.'),
	('91', '138', 'Madeline', 'Bartoletti', 'f', '1994-03-05', '5',
	 'In quidem sint non. Autem neque quaerat soluta nisi aut asperiores veritatis aut. Non ab quia porro voluptates doloremque odio autem.'),
	('92', '8', 'Hailey', 'Kohler', 'm', '1975-04-18', '4',
	 'Consequatur voluptatem autem eos perferendis cum. Et quia aut eum et nemo consequatur nobis. Ut et voluptatem itaque qui neque quam.'),
	('93', '17', 'Jess', 'Ruecker', 'm', '1997-01-14', '2',
	 'Fugit id labore est cum rerum maxime ut esse. Et consequuntur iste aut velit ut. Et id sequi et dolorem sit accusantium est.'),
	('94', '94', 'Roy', 'Lockman', 'm', '1984-01-23', '4',
	 'Laborum molestias nobis molestias eum omnis unde amet et. Itaque error officia quae et enim.'),
	('95', '86', 'Marilou', 'Volkman', 'f', '2013-10-08', '6',
	 'Qui qui suscipit molestiae reprehenderit. Minus autem et et ea culpa.'),
	('96', '28', 'Johnathan', 'Schuster', 'f', '2010-07-05', '6',
	 'Tenetur vel velit ratione autem. Quae laudantium harum ipsum libero perspiciatis.'),
	('97', '108', 'Elvis', 'Kreiger', 'm', '1976-03-19', '4',
	 'Molestias magnam assumenda quod adipisci delectus. Autem iste sint commodi quasi. Enim vel quia reiciendis velit voluptatibus velit.'),
	('98', '142', 'Marisa', 'Paucek', 'm', '2018-10-24', '4',
	 'Dolores voluptas possimus doloremque enim odit qui. Eveniet error autem et. Explicabo provident sit doloribus qui cumque.'),
	('99', '139', 'Jabari', 'Ruecker', 'm', '1982-01-28', '4',
	 'Enim vel ea et porro. Ut accusantium ex sunt cumque ratione sit. Reprehenderit quos aut et cumque.'),
	('100', '127', 'Lucie', 'Kulas', 'f', '2007-08-10', '2',
	 'Facere alias qui error labore ea molestiae. Nostrum dolorem officia modi nostrum commodi fuga sint nihil.');

INSERT INTO messages
	(from_user, to_user, body_text)
VALUES
	('90', '76',
	 'Et esse est qui culpa fugiat. Quis et autem unde ut reprehenderit est delectus. Quae laborum ad iste vel provident animi. Rerum dolores ex aut quis.'),
	('26', '30',
	 'Assumenda occaecati laboriosam non culpa placeat deserunt. Dicta sed aut dolorem est. Laudantium iusto molestias assumenda fugit id iste.'),
	('100', '28',
	 'Corporis qui consequatur quod corporis exercitationem sunt corrupti. Qui assumenda unde quia repudiandae. Voluptate qui alias rerum molestiae fuga sunt quo.'),
	('42', '1',
	 'Reprehenderit nobis molestiae quisquam ad ea. Deleniti ut qui ut occaecati praesentium. Aut enim rerum est sit.'),
	('3', '8',
	 'Sint praesentium eaque sint. Ut enim et consequuntur et veniam aliquam ullam. Amet aut saepe repellendus iure. Velit voluptate labore minima qui aperiam officia. Quo eos aperiam porro ipsa cumque.'),
	('75', '94',
	 'Repellat laboriosam nulla et aut aut in. Eos atque corporis placeat molestiae voluptas. Quia quia temporibus quidem id ab.'),
	('56', '1',
	 'Excepturi expedita numquam harum aut rerum consequatur omnis illo. Et ipsam ullam aut eius. Eaque sequi eligendi consectetur. Autem a facere error nam exercitationem.'),
	('59', '86',
	 'Soluta occaecati aliquam culpa. Sequi alias et repudiandae nam ea ab iure. Libero voluptas veritatis qui debitis eius. Architecto expedita doloremque rerum a qui sequi facere soluta.'),
	('19', '8',
	 'Sint iste optio voluptas sunt. Aut quam ut accusamus similique. Ducimus cumque soluta perspiciatis et qui quia est et. Expedita sed non beatae ex et consectetur corporis.'),
	('58', '68',
	 'Architecto et beatae qui incidunt pariatur reprehenderit repellendus. Reiciendis necessitatibus inventore aspernatur esse. Nobis expedita hic placeat sunt nostrum atque.'),
	('39', '84',
	 'Iure ea consequatur facilis ratione eum sint ex. Neque et deleniti adipisci amet consectetur sed non. Voluptatem et sunt dolore omnis temporibus provident. Voluptatum omnis numquam autem ab eveniet quo.'),
	('74', '88',
	 'Dolores nulla corporis perspiciatis vero autem molestiae illo. Quia voluptatibus ut quia et illo consectetur odit. Eligendi architecto veritatis delectus nulla consequuntur voluptas repellat.'),
	('60', '85',
	 'Dolorem non sed voluptas quod. Voluptas sit eos sunt voluptatem sed animi. Est illo dicta aut quia incidunt.'),
	('1', '76',
	 'Incidunt ut ipsa dicta neque dignissimos qui. Fuga porro modi autem. Expedita quos labore at. Et repellendus consequatur temporibus et et.'),
	('76', '30',
	 'Libero vitae vel dignissimos ut. Unde qui eum vitae praesentium qui. Eum labore similique molestiae natus repellendus dicta excepturi.'),
	('43', '61',
	 'Non adipisci aspernatur laboriosam sit. Nam aut eos nobis. Sed qui ducimus voluptatem perferendis qui.'),
	('35', '91',
	 'Dolor sint nesciunt reiciendis velit. Optio fuga omnis ratione maiores dolor. Excepturi nostrum perferendis numquam nostrum quia ipsa. Cupiditate sed sapiente soluta accusamus dolorem. Vero eum numquam deserunt esse.'),
	('100', '98',
	 'Provident libero cupiditate aliquid temporibus est. Mollitia animi et similique sunt voluptatem. Aut quam doloremque vero aspernatur consectetur placeat. Labore eveniet in omnis quo pariatur ex repellat.'),
	('41', '52',
	 'Voluptatibus facilis et officia exercitationem natus. Sapiente eligendi nemo minima pariatur. Et sed corporis ullam et. Illo fugit illum ea odio sed qui voluptatem eius.'),
	('48', '97',
	 'Et doloremque est nihil. Consequatur numquam laborum rerum illum cumque. Sit in et voluptas aliquam sit reiciendis. Itaque voluptatem dolorum id pariatur ex nam possimus.'),
	('26', '39',
	 'Ut eos nobis quibusdam aut. Vitae libero consequatur officia recusandae quos doloribus. Sed dolores numquam ab quos quasi et. Nam accusamus dolorem non voluptas sunt.'),
	('100', '38',
	 'Ipsa officia itaque sunt perspiciatis voluptatem iste. Sed aut ea rerum. Ab ut ullam voluptas sit nemo. Nemo quia sint eos cupiditate.'),
	('74', '16',
	 'Nihil ut beatae fugiat adipisci a autem est. Eligendi ex libero illo ratione occaecati saepe consequatur. Repudiandae autem sunt assumenda. Alias saepe vitae id doloremque est. Ut vel fugit aut aut.'),
	('56', '75',
	 'Commodi quod id nulla voluptas deserunt. Consequatur id ut impedit expedita accusantium voluptas rerum quaerat. Quae est non eos laudantium quo sed. Omnis eaque est repellat praesentium.'),
	('22', '87',
	 'Qui facilis velit eum. Dolorem qui maxime ea adipisci iusto. Voluptatem quaerat non vel architecto id.'),
	('68', '69',
	 'Molestiae magnam esse praesentium doloribus id harum. Pariatur et delectus a. Sit est sunt officiis aut ipsum doloribus hic. A voluptas ab veniam consequatur qui minima natus. Voluptatem nam harum earum reprehenderit aperiam consequatur nihil nihil.'),
	('48', '15', 'Sed culpa et enim. Quisquam molestias in eum id praesentium ut. Culpa neque tempore vero magnam ut.'),
	('48', '93',
	 'Est provident sequi iusto harum sit. Sunt eaque harum recusandae. Quia totam enim omnis minima quis voluptas.'),
	('93', '53',
	 'Voluptates a dolorem sapiente. Placeat nam nihil sit expedita. Cumque explicabo sed sint in repellendus.'),
	('91', '23',
	 'Iure ad omnis doloremque laudantium. Quae laboriosam corporis provident perspiciatis fugiat iure rem. Quis eveniet in sunt qui minima quasi.'),
	('41', '38',
	 'Nam voluptatibus veritatis eligendi voluptatem voluptatum ea. Ut nobis iusto amet velit officiis vel nostrum. Quasi nemo corrupti autem eveniet mollitia qui pariatur. Accusamus consequatur modi iste dolor optio numquam.'),
	('62', '54',
	 'At id laboriosam ad exercitationem at vero explicabo. Repellat et quo odio et deleniti quo quod tempore. Cumque facere quod possimus quam.'),
	('2', '58', 'Fuga consequatur et dolor sed et. Eum ut sint voluptate ipsum.'),
	('80', '46',
	 'Nemo qui atque suscipit ut. Fugit in et ut aperiam eos. Dolor aliquam beatae iste mollitia libero. Pariatur provident voluptatibus facere ut sunt.'),
	('29', '48',
	 'Occaecati odit molestiae nisi consequuntur ex explicabo vitae. Illum voluptate nostrum ab quasi dolores minus. Ut quisquam voluptas consequatur doloremque voluptatem nisi. Architecto reiciendis voluptatum voluptatem.'),
	('75', '90',
	 'Eum qui et unde rem et qui. Eos ut illo numquam error est consequuntur. Deserunt facilis aliquid et corrupti et. Numquam deleniti sunt totam mollitia.'),
	('65', '5',
	 'Vel qui est quia nulla pariatur exercitationem. Qui et ad facere eius. Et repudiandae excepturi molestiae.'),
	('17', '44',
	 'Veniam occaecati suscipit qui voluptates. Dolor facere labore aspernatur voluptas facere. Non nostrum optio sed tenetur sequi ipsam quasi sed.'),
	('3', '90',
	 'Quia qui quia esse quo. Enim aut est omnis et voluptas sunt nemo. Veritatis voluptatem asperiores aliquam temporibus. Eius maiores nam laudantium fugit reprehenderit. Tenetur est et delectus suscipit aspernatur.'),
	('17', '61',
	 'Aut quis placeat non iste repellat et. Nam deserunt iure sunt similique suscipit iusto voluptas. Architecto nesciunt consequatur magni porro.'),
	('69', '16',
	 'Et quisquam vitae qui veritatis saepe voluptate recusandae. Porro modi odit consequatur eos et placeat quod. Qui maxime vero culpa ullam laborum dignissimos.'),
	('45', '84',
	 'Id enim eveniet aut qui perspiciatis explicabo ex. Nihil consequatur culpa eos tenetur. Quidem at est ut ipsa harum itaque. Rerum omnis aut placeat.'),
	('3', '33',
	 'Et sint et nihil sunt facere esse nostrum. A velit aut voluptas quis eum maxime deleniti. Aut perferendis omnis qui aliquid cum repellat ratione. Est fugiat totam autem ab est quasi.'),
	('69', '17',
	 'Veniam et qui qui saepe. Assumenda tenetur quam quia et. Nemo dolore autem nihil deserunt omnis voluptas. Repellat est ut in porro voluptas deserunt.'),
	('75', '29',
	 'Est ut et sed in aspernatur optio ea. Magni autem asperiores explicabo deserunt numquam saepe laudantium. Eius sit ducimus minus quod nesciunt eos. Sed necessitatibus et architecto aspernatur architecto suscipit.'),
	('55', '44',
	 'Possimus sint dolores enim. Et laudantium error esse velit dolor. Corrupti itaque rerum dolor et aperiam ratione.'),
	('49', '35',
	 'Non earum ducimus facilis quibusdam nisi. Reiciendis voluptatem minima sed impedit ut est ratione. Nesciunt voluptas impedit ab voluptatum in optio quo.'),
	('42', '83',
	 'Cupiditate laborum esse minima cupiditate molestias. Voluptas distinctio in incidunt hic libero ipsum minus et. Aut dolores voluptas molestiae sed eaque. Excepturi omnis itaque necessitatibus non dolorem sunt adipisci.'),
	('96', '31',
	 'Et quo exercitationem neque ducimus aliquam et. Alias mollitia fugit soluta quia accusamus rem in. Dolor est laudantium non alias voluptate. Officia optio dolor molestiae.'),
	('21', '80',
	 'Dolores sunt a modi sit nostrum. Ut quibusdam enim ut velit quia fugit ea. Nemo est fuga molestias accusamus praesentium. Temporibus assumenda aliquid velit numquam vitae.'),
	('92', '18',
	 'Placeat libero adipisci deleniti impedit eos maxime dolor. Animi quo sint voluptatibus qui magni nam sit. Quia adipisci sapiente et.'),
	('72', '58',
	 'Exercitationem molestias illo quo fugit. Inventore et laboriosam deserunt sint quasi hic. Laboriosam est vero voluptatibus dolor quis enim officiis.'),
	('86', '82',
	 'Maiores eum qui ut at veritatis. Laborum qui magni ut distinctio. Et rerum sequi asperiores aut saepe aut.'),
	('18', '13',
	 'Laborum impedit consequatur sed minus enim veniam nulla. Voluptatem est consequatur autem. Earum excepturi autem blanditiis adipisci ex vitae blanditiis.'),
	('2', '58',
	 'Quo eligendi tempore vel et ut suscipit eos. Sit illo rerum quae corporis dicta eveniet qui impedit. Facilis expedita laborum voluptatem consectetur porro dolor dolorem.'),
	('10', '6',
	 'Quisquam quae ullam hic consequatur deleniti aspernatur. Illum consequuntur distinctio corporis totam aperiam. Error est id et quia nihil consequatur et.'),
	('92', '45',
	 'Est sed ab similique minima quo neque illum architecto. Consequuntur aut explicabo illum. Dolorem sint perferendis hic. Aut animi maiores debitis eum delectus necessitatibus possimus.'),
	('9', '69',
	 'Consequatur deserunt dolor a ut sint sint blanditiis et. Repudiandae quia earum voluptatem consequatur. Nisi suscipit esse ipsa repellat.'),
	('8', '25',
	 'Voluptas sed non qui iste eius repellendus. Nulla est et vel odio aliquam corporis rerum ut. Aut cumque aspernatur repellat qui.'),
	('61', '39',
	 'Voluptatem non vitae nostrum placeat laudantium quasi sunt. Debitis illum et aliquam doloremque. Fugit recusandae ratione voluptatibus exercitationem quo.'),
	('25', '20',
	 'Officia impedit ex exercitationem magni occaecati dolor. Veritatis eveniet mollitia dolores rerum quis voluptatem. Deleniti ipsum ut placeat fugit et. Eos quis enim recusandae sit.'),
	('60', '68',
	 'Quod vel expedita suscipit quia voluptatem voluptatibus. Vel eum vero odio consectetur quas nihil ad illum. Vitae esse velit recusandae vitae voluptas voluptate. Suscipit nulla ut itaque veritatis.'),
	('51', '87', 'Illum quas est eum qui. Error odit enim modi id. Perspiciatis sint dolorem sapiente.'),
	('33', '67', 'Magni ratione nihil velit. Quod qui quia et consequatur voluptatibus incidunt.'),
	('91', '15',
	 'Fugit explicabo voluptatem mollitia. Aut perferendis sequi iusto repudiandae eos aliquid et. Quis consequatur cupiditate similique ullam esse magni iure. Reiciendis cumque fugit tempora harum sed ea quo corporis.'),
	('97', '86',
	 'Quam in nostrum necessitatibus quia. Quod atque et a et. Sed facere sequi quia et quod magnam rerum. Nulla dicta nihil et ea.'),
	('49', '97',
	 'Officia autem nostrum ut tenetur ut excepturi dolorum officia. Consequatur molestias non voluptas corporis. Ea aperiam itaque quis alias non.'),
	('97', '68',
	 'Architecto exercitationem similique consequuntur molestiae dolorem asperiores. Aut sunt excepturi qui eveniet repudiandae voluptas. Aliquid magni maiores dolorum omnis. Quia eius aut ipsam inventore et voluptatem.'),
	('40', '86',
	 'Autem quasi eos quae quia excepturi consequuntur corrupti tempora. Id dolores voluptate non est. Libero reiciendis dolores autem corrupti qui rerum. Amet modi voluptatem dignissimos sint dolorum asperiores adipisci nam.'),
	('15', '43',
	 'Enim facere esse repudiandae. Minus sequi eius est quidem. Eligendi error alias praesentium culpa libero rerum.'),
	('72', '17',
	 'Quidem est vel distinctio exercitationem libero. Soluta in quisquam dolor. Nihil quo accusamus sapiente reprehenderit ullam. Doloremque modi incidunt aut perspiciatis.'),
	('69', '29',
	 'Consequuntur temporibus sequi ea corrupti. Et enim perspiciatis ut delectus ipsam. Id occaecati sed ipsam aliquam non ab tenetur.'),
	('20', '59',
	 'Et praesentium adipisci dolorem eos quis et. Fuga et molestiae perferendis consequuntur. Totam maiores quia laudantium officia. Iure amet maxime consectetur ad.'),
	('29', '28',
	 'Sunt suscipit rerum nisi ducimus. Sunt saepe consequuntur laboriosam provident sunt et. Et nisi eos autem voluptatem ipsa sunt praesentium. Eum earum ex quas amet vel voluptatibus.'),
	('57', '41',
	 'Quo velit ut eveniet incidunt autem vitae omnis. Eius incidunt iste omnis omnis ducimus explicabo laboriosam officia. Porro placeat vero illum ipsum quae. Sunt corporis voluptatem soluta id voluptatem quisquam. Asperiores porro esse itaque vero.'),
	('56', '3',
	 'Nihil perspiciatis consequatur laudantium molestiae quia asperiores doloremque. Asperiores facilis voluptatibus aut eos. Voluptates sequi sequi neque.'),
	('5', '70',
	 'Inventore quasi voluptatum qui voluptas. Eius et labore qui inventore voluptas tempora. Dolorum aperiam id libero deleniti quod at voluptatem sit.'),
	('87', '5',
	 'Modi eveniet iusto aspernatur non. Necessitatibus et perferendis sit quas dolores dignissimos. Ab ut quia officiis non blanditiis quo inventore.'),
	('25', '63',
	 'Ut rerum voluptatem et eos recusandae harum et. Nostrum suscipit quos vitae nihil. Molestiae ad corrupti pariatur sit.'),
	('28', '6',
	 'Pariatur expedita pariatur aut. Recusandae beatae consequatur ut eos laborum accusantium sapiente dolores. Corrupti molestiae et sed perferendis.'),
	('70', '31',
	 'Sit provident amet corporis est et. Consectetur magnam rerum nulla voluptas qui. Ullam sed sunt aut dolorem.'),
	('18', '4',
	 'Fuga alias ullam nam doloribus facilis voluptas omnis. Hic rem perferendis accusantium. Vitae iste sit eum sed aspernatur sint nihil a. Ipsam culpa at et voluptatibus vero.'),
	('94', '16',
	 'Laudantium reprehenderit odio minus tenetur occaecati velit amet. Et molestiae ea qui necessitatibus. Dolorem ut molestiae temporibus. Ad porro dolorem praesentium quas. Et omnis ut rerum qui delectus ut commodi velit.'),
	('70', '28',
	 'Quia ipsam repellendus libero saepe. Delectus corporis eum voluptatem animi nemo. Fugiat dolore et est molestiae repellat cupiditate eius.'),
	('49', '66', 'Quia quos qui libero minus impedit ea. Dignissimos accusantium dolorum dolorum sunt sit illo aut.'),
	('82', '47', 'Voluptas id neque quibusdam quidem alias aliquid molestiae nisi. Dicta id omnis hic voluptas sunt.'),
	('50', '1',
	 'Ducimus totam recusandae et nihil sunt aut sit. Officiis nobis molestiae assumenda aut rerum explicabo aspernatur cum. Nemo quia quidem qui dolorum eveniet consectetur. Necessitatibus velit et quisquam delectus consequatur.'),
	('31', '38',
	 'Sed quia sed ut sit maxime. Exercitationem sunt quos sit consequatur distinctio. Corrupti dolorem sed ut quia maiores voluptate ab ex. Quis est velit autem suscipit voluptatem.'),
	('95', '28',
	 'Sint nihil dolores exercitationem temporibus dignissimos. Ducimus facere ut voluptatem aliquid. Error nihil sunt laborum provident sit minus voluptate. Porro rerum ipsa animi laborum veritatis sunt non ut. Cupiditate iusto cupiditate voluptatem reiciendis.'),
	('10', '47',
	 'Velit consequatur cumque perspiciatis minus occaecati eaque et. Recusandae magnam culpa quaerat et mollitia similique distinctio. Quod in ut dolor ipsam asperiores labore nemo.'),
	('52', '82',
	 'Minima molestiae et nihil labore porro. Numquam fugiat excepturi iusto ea. Quos non officiis et rerum nam commodi.'),
	('29', '72',
	 'Dolores reprehenderit est fugiat nam consequuntur ut. Est saepe aut quam cupiditate odio. Omnis dolor et dolores nulla quisquam quia. Et perferendis quae quod et dicta.'),
	('50', '20',
	 'Veniam deleniti dolores atque id. Nihil totam dolor inventore sapiente. Harum dolor consequatur nisi dolores asperiores ut harum. Nobis molestiae quaerat voluptas est.'),
	('74', '44',
	 'Optio dignissimos aliquid accusamus qui modi. Voluptatibus non id magnam qui minus quisquam. Doloribus nulla doloribus qui omnis enim. Itaque minima qui modi ut ullam autem dolorem.'),
	('52', '19',
	 'Aliquid delectus amet aut enim fuga totam. Qui et eum libero est distinctio tempora. Voluptas dolores voluptates tempora vel ea. Ut numquam officiis in autem et esse.'),
	('15', '25',
	 'Ducimus quisquam nesciunt itaque cupiditate beatae magni ut. Omnis quia et ut sequi molestiae possimus.'),
	('13', '69',
	 'Animi id doloremque corrupti nesciunt omnis culpa perferendis. Animi aliquid ut id nisi. Delectus iusto eos tenetur consequatur illum pariatur. Dolore odit et aperiam provident eveniet temporibus.'),
	('54', '49',
	 'Quae id quas ad quibusdam adipisci voluptatem. Ullam soluta vel similique ut autem officia fugiat. Ex quod molestiae eaque repudiandae. Quaerat alias sit repudiandae mollitia.'),
	('60', '51',
	 'Impedit tempora dolores maxime molestias. Blanditiis laudantium quia qui iste non ut. Non quas aperiam numquam autem totam et ut. Magni vero ducimus qui vitae voluptatem illum.'),
	('45', '29',
	 'Repellat eum placeat et quam. Quod at nostrum omnis molestiae eum quasi voluptas minima. Perspiciatis magni dolore cum veniam molestiae illum atque.');


-- ----------------------------------- TITLES

INSERT INTO titles -- 100
VALUES
	('1', 'Greenfelder Inc', 'Kovacek-Gleason'),
	('2', 'Waelchi, Reichel and Haley', 'Botsford, Howe and Klocko'),
	('3', 'Roob, Dibbert and Ebert', ''),
	('4', 'Mertz, Durgan and Heaney', 'Ondricka, Farrell and Christiansen'),
	('5', 'Wisozk Ltd', 'Boyle-Armstrong'),
	('6', 'Stiedemann, Bernier and Ullrich', 'Wisozk, Haag and Schuster'),
	('7', 'Beer-Cruickshank', ''),
	('8', 'O\'Hara-Ziemann', ''),
	('9', 'Barton, Weissnat and Ryan', 'Bergstrom PLC'),
	('10', 'Cassin, Dickinson and Farrell', ''),
	('11', 'Feil-Greenholt', 'Rutherford LLC'),
	('12', 'Schoen LLC', 'Macejkovic, Buckridge and Konopelski'),
	('13', 'Lueilwitz, Kuhlman and Bauch', 'Pagac, Ruecker and Balistreri'),
	('14', 'Cummerata, Renner and Hermiston', ''),
	('15', 'Rempel-Howell', ''),
	('16', 'Padberg-Windler', ''),
	('17', 'Stracke, Roberts and O\'Conner', ''),
	('18', 'Klocko, Hamill and Gorczany', 'Watsica-Wiegand'),
	('19', 'Rutherford Inc', 'McClure, Kuhic and Klocko'),
	('20', 'Dickinson, Kozey and Ryan', ''),
	('21', 'White, Kunde and Thiel', 'O\'Conner and Sons'),
	('22', 'Blanda, Mueller and Lockman', ''),
	('23', 'Mueller, Hyatt and Grady', ''),
	('24', 'Kihn-Waters', 'Williamson-Conroy'),
	('25', 'Gaylord, Daniel and Becker', ''),
	('26', 'Goldner Group', ''),
	('27', 'O\'Keefe, Littel and Cassin', 'Hilll PLC'),
	('28', 'Jacobs, Waelchi and West', ''),
	('29', 'Daniel-Funk', 'Runte-Abshire'),
	('30', 'Blanda Inc', 'Keebler PLC'),
	('31', 'Cremin LLC', ''),
	('32', 'Brakus-Hand', ''),
	('33', 'Blanda-Hane', 'Schmidt, Kerluke and Hahn'),
	('34', 'Smith, Gerlach and Treutel', 'Bashirian-Barton'),
	('35', 'Bahringer-Pacocha', ''),
	('36', 'Gulgowski-Lindgren', ''),
	('37', 'Wilderman LLC', ''),
	('38', 'Kozey, Walter and Cremin', ''),
	('39', 'Howe LLC', 'Harvey, Krajcik and Carroll'),
	('40', 'Stamm Group', 'Boyle Group'),
	('41', 'Stokes-Beier', 'Lindgren-Nienow'),
	('42', 'Robel, Mayer and Jast', ''),
	('43', 'Romaguera, Mann and Keeling', 'Swaniawski-Corkery'),
	('44', 'Leuschke, Kertzmann and Schoen', ''),
	('45', 'Stokes-Kovacek', ''),
	('46', 'Cormier, Kiehn and Rolfson', 'Okuneva, Rosenbaum and Spinka'),
	('47', 'Hyatt Inc', 'Dicki-West'),
	('48', 'Goodwin Ltd', 'Wyman, Leffler and Block'),
	('49', 'Muller Inc', ''),
	('50', 'Nikolaus, Boehm and Littel', ''),
	('51', 'Christiansen Inc', 'Ondricka PLC'),
	('52', 'Eichmann-Gulgowski', ''),
	('53', 'Maggio and Sons', ''),
	('54', 'Schamberger Group', ''),
	('55', 'Weissnat PLC', 'Cormier-Stracke'),
	('56', 'Grady LLC', 'Schroeder-Hills'),
	('57', 'Stoltenberg-Witting', ''),
	('58', 'Heaney and Sons', ''),
	('59', 'Wolf-Buckridge', ''),
	('60', 'Schinner, Kilback and Gislason', ''),
	('61', 'Champlin-Walter', 'Cormier-Schuppe'),
	('62', 'Feest-Parisian', 'Swaniawski, Smith and Blick'),
	('63', 'Veum, Klein and Mayer', ''),
	('64', 'Green Ltd', ''),
	('65', 'Hane, Hagenes and Thiel', ''),
	('66', 'Beahan, Predovic and Grady', 'Parker-O\'Hara'),
	('67', 'Williamson Group', ''),
	('68', 'Welch-Schulist', 'Harvey, Cronin and Boyer'),
	('69', 'Herman, Pollich and Weber', ''),
	('70', 'Cole-Rosenbaum', ''),
	('71', 'Armstrong-Pollich', 'Medhurst, Kovacek and Rolfson'),
	('72', 'Kemmer Group', 'Lowe, Nikolaus and Rempel'),
	('73', 'Smith and Sons', ''),
	('74', 'Breitenberg Group', 'Gulgowski-McDermott'),
	('75', 'Dach-Jacobi', ''),
	('76', 'Wisoky-Bins', 'Stehr-Kirlin'),
	('77', 'Lakin-Lang', ''),
	('78', 'Wiza, Rowe and Hodkiewicz', ''),
	('79', 'Mitchell Group', 'Tromp, Quitzon and Barrows'),
	('80', 'Cormier, Ebert and Witting', 'Hand-Bednar'),
	('81', 'Franecki Ltd', 'Wilkinson-Stiedemann'),
	('82', 'Bergnaum PLC', ''),
	('83', 'Walsh Group', ''),
	('84', 'Emard-Towne', ''),
	('85', 'Lehner LLC', 'O\'Kon Ltd'),
	('86', 'Torp LLC', ''),
	('87', 'Lubowitz-Kohler', 'Harber, Berge and Bosco'),
	('88', 'Crist-O\'Reilly', ''),
	('89', 'Ryan, Bartell and Stehr', 'Homenick-Walsh'),
	('90', 'Hermann-Stiedemann', 'Carroll, Marquardt and Heidenreich'),
	('91', 'Schaden and Sons', ''),
	('92', 'Murray Group', 'Hettinger, Schimmel and Schaefer'),
	('93', 'Padberg Group', ''),
	('94', 'Mertz-Lebsack', ''),
	('95', 'Wolff, Kuhlman and Bahringer', ''),
	('96', 'White and Sons', 'McKenzie-Wintheiser'),
	('97', 'Dicki, Wehner and Stokes', ''),
	('98', 'Kemmer-Goyette', ''),
	('99', 'Stokes, Hoppe and Pagac', ''),
	('100', 'Labadie-Cremin', 'Weissnat LLC');

INSERT INTO title_info(title_id, title_type_id, poster, tagline, synopsis, release_date, rars)
VALUES
	('1', '4', '121', 'Expanded secondary product',
	 'Alice, \'when one wasn\'t always growing larger and smaller, and being so many lessons to learn! Oh, I shouldn\'t want YOURS: I don\'t like them!\' When the procession moved on, three of the day; and this was not even room for this, and she thought to herself \'That\'s quite enough--I hope I shan\'t grow any more--As it is, I suppose?\' said Alice. \'Call.',
	 '2000-05-19', 'NR'),
	('2', '6', '131', 'Multi-channelled bottom-line complexity',
	 'I to do it! Oh dear! I\'d nearly forgotten to ask.\' \'It turned into a tree. \'Did you say it.\' \'That\'s nothing to what I should be like then?\' And she began again: \'Ou est ma chatte?\' which was full of soup. \'There\'s certainly too much overcome to do next, when suddenly a White Rabbit read:-- \'They told me you had been would have appeared to them.',
	 '2002-04-13', '18+'),
	('3', '5', '46', 'Enhanced regional concept',
	 'As soon as it turned round and swam slowly back again, and all must have imitated somebody else\'s hand,\' said the Gryphon replied very solemnly. Alice was not here before,\' said Alice,) and round Alice, every now and then another confusion of voices--\'Hold up his head--Brandy now--Don\'t choke him--How was it, old fellow? What happened to you?.',
	 '2016-11-07', '6+'),
	('4', '2', '110', 'Fully-configurable fault-tolerant flexibility',
	 'I shan\'t! YOU do it!--That I won\'t, then!--Bill\'s to go nearer till she was playing against herself, for this curious child was very fond of pretending to be seen--everything seemed to Alice a good thing!\' she said this, she was quite a long time with the day and night! You see the earth takes twenty-four hours to turn into a pig, my dear,\' said.',
	 '2006-08-15', '18+'),
	('5', '5', '73', 'Fully-configurable real-time knowledgeuser',
	 'Hatter. \'You might just as she could guess, she was going to remark myself.\' \'Have you guessed the riddle yet?\' the Hatter with a bound into the loveliest garden you ever saw. How she longed to get in at once.\' And in she went. Once more she found that it had gone. \'Well! I\'ve often seen them at dinn--\' she checked herself hastily. \'I thought you.',
	 '1985-10-18', '16+'),
	('6', '4', '8', 'Diverse background emulation',
	 'Alice, surprised at her own courage. \'It\'s no business of MINE.\' The Queen smiled and passed on. \'Who ARE you doing out here? Run home this moment, and fetch me a good character, But said I didn\'t!\' interrupted Alice. \'You did,\' said the Caterpillar contemptuously. \'Who are YOU?\' said the Mock Turtle repeated thoughtfully. \'I should like to be.',
	 '1994-04-27', '18+'),
	('7', '5', '120', 'Self-enabling bandwidth-monitored forecast',
	 'She said the Gryphon. \'--you advance twice--\' \'Each with a melancholy tone: \'it doesn\'t seem to see that queer little toss of her voice, and see after some executions I have none, Why, I wouldn\'t say anything about it, so she took up the little golden key, and when she was talking. \'How CAN I have dropped them, I wonder?\' As she said to the King,.',
	 '2008-03-21', '18+'),
	('8', '3', '126', 'Diverse background application',
	 'King, and the blades of grass, but she saw maps and pictures hung upon pegs. She took down a large dish of tarts upon it: they looked so grave that she had peeped into the sky. Alice went on to himself as he spoke. \'A cat may look at it!\' This speech caused a remarkable sensation among the trees, a little ledge of rock, and, as a drawing of a.',
	 '2005-05-27', '6+'),
	('9', '6', '150', 'De-engineered non-volatile flexibility',
	 'Gryphon; and then the puppy began a series of short charges at the Cat\'s head began fading away the moment he was going to give the hedgehog had unrolled itself, and began bowing to the general conclusion, that wherever you go on? It\'s by far the most confusing thing I know. Silence all round, if you were or might have been a RED rose-tree, and.',
	 '2006-05-20', '0+'),
	('10', '4', '91', 'Extended optimizing securedline',
	 'Alice, in a low, trembling voice. \'There\'s more evidence to come down the chimney, and said to herself, \'whenever I eat one of the words did not venture to say it over) \'--yes, that\'s about the games now.\' CHAPTER X. The Lobster Quadrille The Mock Turtle went on, \'and most things twinkled after that--only the March Hare had just begun to repeat.',
	 '1997-07-19', '6+'),
	('11', '5', '12', 'Automated bi-directional implementation',
	 'Alice thought over all the while, and fighting for the hot day made her next remark. \'Then the eleventh day must have a trial: For really this morning I\'ve nothing to do: once or twice, and shook itself. Then it got down off the subjects on his slate with one eye; but to open them again, and Alice looked very anxiously into her head. \'If I eat or.',
	 '1978-12-17', '16+'),
	('12', '2', '145', 'Synergistic foreground hub',
	 'I\'m quite tired of this. I vote the young Crab, a little feeble, squeaking voice, (\'That\'s Bill,\' thought Alice,) \'Well, I can\'t get out at all a pity. I said \"What for?\"\' \'She boxed the Queen\'s hedgehog just now, only it ran away when it grunted again, so she took courage, and went in. The door led right into a pig,\' Alice quietly said, just as.',
	 '2002-09-27', 'NR'),
	('13', '1', '123', 'Cloned discrete help-desk',
	 'Tell us all about for a minute or two to think about it, you know.\' \'I don\'t think it\'s at all fairly,\' Alice began, in a hurry: a large fan in the pool a little sharp bark just over her head through the door, and tried to get out again. That\'s all.\' \'Thank you,\' said the Gryphon: and Alice thought to herself. \'I dare say there may be different,\'.',
	 '2018-07-17', '18+'),
	('14', '1', '146', 'Automated client-driven time-frame',
	 'The jury all wrote down on one side, to look about her and to hear his history. I must have been a holiday?\' \'Of course you know the song, she kept on good terms with him, he\'d do almost anything you liked with the birds and animals that had made her draw back in a hurry: a large fan in the distance. \'Come on!\' cried the Mouse, turning to Alice:.',
	 '1979-04-02', 'NR'),
	('15', '5', '119', 'Quality-focused actuating adapter',
	 'That WILL be a walrus or hippopotamus, but then she remembered that she could not help bursting out laughing: and when she looked down at once, in a wondering tone. \'Why, what are YOUR shoes done with?\' said the Hatter. Alice felt that it might injure the brain; But, now that I\'m perfectly sure I don\'t like them raw.\' \'Well, be off, and found.',
	 '1999-01-27', '0+'),
	('16', '4', '1', 'Robust system-worthy hardware',
	 'VERY wide, but she knew that it was neither more nor less than a pig, my dear,\' said Alice, who was beginning to end,\' said the Caterpillar. Alice said to herself; \'the March Hare will be When they take us up and throw us, with the bones and the sound of many footsteps, and Alice was very likely to eat some of the guinea-pigs cheered, and was.',
	 '2002-04-12', '12+'),
	('17', '2', '94', 'Team-oriented contextually-based structure',
	 'Lory, with a T!\' said the Mouse. \'--I proceed. \"Edwin and Morcar, the earls of Mercia and Northumbria--\"\' \'Ugh!\' said the Pigeon went on, taking first one side and up the fan she was to get out at the sudden change, but she could not help bursting out laughing: and when Alice had no idea what Latitude was, or Longitude I\'ve got to the law, And.',
	 '2014-04-18', '6+'),
	('18', '5', '88', 'Expanded multi-state groupware',
	 'Alice\'s first thought was that you couldn\'t cut off a little different. But if I\'m not used to say \'Drink me,\' but the Mouse to Alice a little timidly: \'but it\'s no use in waiting by the way I ought to tell you--all I know is, it would be worth the trouble of getting up and to stand on their hands and feet at once, with a whiting. Now you know.\'.',
	 '2005-05-13', '12+'),
	('19', '4', '51', 'Profound responsive capability',
	 'As there seemed to listen, the whole place around her became alive with the words all coming different, and then sat upon it.) \'I\'m glad they don\'t seem to encourage the witness at all: he kept shifting from one foot to the confused clamour of the way out of sight; and an Eaglet, and several other curious creatures. Alice led the way, was the.',
	 '1989-04-05', '18+'),
	('20', '1', '123', 'Enterprise-wide stable systemengine',
	 'Majesty,\' he began. \'You\'re a very good height indeed!\' said the Dormouse, not choosing to notice this last remark. \'Of course it is,\' said the Hatter: \'let\'s all move one place on.\' He moved on as he came, \'Oh! the Duchess, as she did not quite know what you would seem to put his mouth close to her lips. \'I know what you had been found and.',
	 '2013-03-31', '12+'),
	('21', '5', '136', 'Horizontal directional ability',
	 'Fish-Footman was gone, and the baby was howling so much at first, perhaps,\' said the Mock Turtle. Alice was just going to be, from one end to the end of the doors of the e--e--evening, Beautiful, beautiful Soup!\' CHAPTER XI. Who Stole the Tarts? The King and the Mock Turtle sighed deeply, and began, in a pleased tone. \'Pray don\'t trouble yourself.',
	 '1997-03-24', '18+'),
	('22', '1', '45', 'Persevering multimedia artificialintelligence',
	 'The moment Alice felt a very hopeful tone though), \'I won\'t have any rules in particular; at least, if there were no arches left, and all sorts of things--I can\'t remember things as I get it home?\' when it grunted again, and looking anxiously about her. \'Oh, do let me help to undo it!\' \'I shall sit here,\' he said, turning to the jury. \'Not yet,.',
	 '1982-11-17', '6+'),
	('23', '2', '135', 'Enterprise-wide system-worthy GraphicInterface',
	 'Queen. \'Can you play croquet?\' The soldiers were silent, and looked at the proposal. \'Then the Dormouse again, so violently, that she hardly knew what she was saying, and the Hatter added as an explanation; \'I\'ve none of my life.\' \'You are not the right way of keeping up the conversation a little. \'\'Tis so,\' said the Pigeon in a rather offended.',
	 '1985-01-13', '12+'),
	('24', '3', '63', 'Organized contextually-based projection',
	 'So she set off at once without waiting for the pool of tears which she found a little bit, and said anxiously to herself, \'it would be QUITE as much use in crying like that!\' By this time it all came different!\' the Mock Turtle yawned and shut his note-book hastily. \'Consider your verdict,\' the King exclaimed, turning to the Caterpillar, just as.',
	 '2013-06-29', '18+'),
	('25', '5', '91', 'Automated tangible workforce',
	 'Dormouse, who seemed too much of a candle is like after the birds! Why, she\'ll eat a little different. But if I\'m Mabel, I\'ll stay down here till I\'m somebody else\"--but, oh dear!\' cried Alice again, for really I\'m quite tired and out of the players to be sure! However, everything is queer to-day.\' Just then she remembered trying to explain it is.',
	 '2005-12-21', '16+'),
	('26', '5', '49', 'Ergonomic optimal policy',
	 'Alice asked in a very little way forwards each time and a Dodo, a Lory and an old Turtle--we used to read fairy-tales, I fancied that kind of rule, \'and vinegar that makes them sour--and camomile that makes people hot-tempered,\' she went on, \'you see, a dog growls when it\'s pleased. Now I growl when I\'m pleased, and wag my tail when it\'s pleased..',
	 '1976-09-01', '18+'),
	('27', '6', '34', 'Phased dedicated synergy',
	 'Why, I wouldn\'t be in before the trial\'s begun.\' \'They\'re putting down their names,\' the Gryphon added \'Come, let\'s try the effect: the next moment she appeared; but she had been all the time they had at the beginning,\' the King say in a soothing tone: \'don\'t be angry about it. And yet I don\'t want to be?\' it asked. \'Oh, I\'m not Ada,\' she said,.',
	 '2012-07-21', '16+'),
	('28', '3', '15', 'Stand-alone web-enabled intranet',
	 'March Hare interrupted, yawning. \'I\'m getting tired of being upset, and their slates and pencils had been for some time after the rest waited in silence. At last the Caterpillar took the watch and looked at her rather inquisitively, and seemed to listen, the whole pack rose up into the teapot. \'At any rate a book written about me, that there was.',
	 '2007-07-15', '0+'),
	('29', '3', '87', 'Polarised user-facing access',
	 'And oh, I wish you wouldn\'t mind,\' said Alice: \'allow me to him: She gave me a pair of the way I ought to have no sort of a water-well,\' said the Queen. \'Sentence first--verdict afterwards.\' \'Stuff and nonsense!\' said Alice indignantly, and she tried hard to whistle to it; but she had forgotten the words.\' So they had at the Lizard as she went.',
	 '1988-02-14', '12+'),
	('30', '3', '39', 'Advanced zerodefect archive',
	 'Mock Turtle sighed deeply, and began, in a deep voice, \'are done with a lobster as a lark, And will talk in contemptuous tones of her own mind (as well as I used--and I don\'t know where Dinn may be,\' said the Cat said, waving its tail when it\'s angry, and wags its tail about in the last time she heard a little bit, and said to the Dormouse, who.',
	 '2017-09-18', '6+'),
	('31', '5', '39', 'Profit-focused homogeneous GraphicalUserInterface',
	 'On various pretexts they all crowded together at one and then unrolled the parchment scroll, and read out from his book, \'Rule Forty-two. ALL PERSONS MORE THAN A MILE HIGH TO LEAVE THE COURT.\' Everybody looked at Two. Two began in a very good advice, (though she very seldom followed it), and handed them round as prizes. There was nothing so VERY.',
	 '1980-10-04', '6+'),
	('32', '6', '45', 'Re-contextualized 3rdgeneration installation',
	 'Dodo, pointing to the seaside once in a sorrowful tone; \'at least there\'s no use in crying like that!\' He got behind Alice as she spoke; \'either you or your head must be Mabel after all, and I could shut up like a steam-engine when she noticed a curious feeling!\' said Alice; \'I daresay it\'s a set of verses.\' \'Are they in the middle, being held up.',
	 '2008-07-09', '16+'),
	('33', '3', '144', 'Pre-emptive demand-driven matrices',
	 'I suppose I ought to be executed for having missed their turns, and she sat down and cried. \'Come, there\'s half my plan done now! How puzzling all these changes are! I\'m never sure what I\'m going to dive in among the branches, and every now and then a great interest in questions of eating and drinking. \'They lived on treacle,\' said the Footman,.',
	 '2016-01-30', '18+'),
	('34', '5', '96', 'Monitored national capacity',
	 'Alice to find her in an undertone to the general conclusion, that wherever you go to on the end of the baby, the shriek of the crowd below, and there was Mystery,\' the Mock Turtle said: \'advance twice, set to work, and very neatly and simply arranged; the only difficulty was, that her neck from being run over; and the fan, and skurried away into.',
	 '1971-01-10', '0+'),
	('35', '4', '24', 'Diverse local extranet',
	 'Alice had been looking at the March Hare: she thought it would feel very uneasy: to be sure; but I THINK I can say.\' This was not going to do this, so that her neck would bend about easily in any direction, like a stalk out of his teacup instead of onions.\' Seven flung down his brush, and had just upset the milk-jug into his plate. Alice did not.',
	 '2012-12-23', '0+'),
	('36', '1', '117', 'Grass-roots zeroadministration neural-net',
	 'Gryphon. \'Well, I should say \"With what porpoise?\"\' \'Don\'t you mean \"purpose\"?\' said Alice. \'Why?\' \'IT DOES THE BOOTS AND SHOES.\' the Gryphon answered, very nearly in the last few minutes she heard a little of her skirt, upsetting all the other side will make you a present of everything I\'ve said as yet.\' \'A cheap sort of way, \'Do cats eat bats,.',
	 '2006-12-31', '12+'),
	('37', '4', '74', 'Polarised composite database',
	 'RETURNED FROM HIM TO YOU,\"\' said Alice. \'Did you speak?\' \'Not I!\' he replied. \'We quarrelled last March--just before HE went mad, you know--\' (pointing with his head!\' she said, \'for her hair goes in such a wretched height to rest herself, and began an account of the sense, and the White Rabbit, \'and that\'s why. Pig!\' She said it to be lost, as.',
	 '2008-01-16', 'NR'),
	('38', '6', '139', 'Multi-lateral user-facing paradigm',
	 'King said to Alice; and Alice called after her. \'I\'ve something important to say!\' This sounded promising, certainly: Alice turned and came flying down upon their faces, so that her neck kept getting entangled among the people near the entrance of the gloves, and she soon made out that the Mouse had changed his mind, and was a little bit, and.',
	 '2013-01-31', '18+'),
	('39', '3', '145', 'Down-sized systematic adapter',
	 'Alice was not going to leave the room, when her eye fell upon a little shriek and a large pool all round the hall, but they all crowded round it, panting, and asking, \'But who is Dinah, if I fell off the subjects on his flappers, \'--Mystery, ancient and modern, with Seaography: then Drawling--the Drawling-master was an old conger-eel, that used.',
	 '1971-10-30', '16+'),
	('40', '6', '96', 'Re-engineered responsive internetsolution',
	 'Ann! Mary Ann!\' said the King. \'It began with the glass table as before, \'It\'s all about for them, and it\'ll sit up and rubbed its eyes: then it watched the White Rabbit, jumping up and walking away. \'You insult me by talking such nonsense!\' \'I didn\'t mean it!\' pleaded poor Alice in a hurried nervous manner, smiling at everything about her, to.',
	 '1990-08-22', '0+'),
	('41', '3', '69', 'Function-based system-worthy website',
	 'Mock Turtle said with a kind of sob, \'I\'ve tried every way, and nothing seems to grin, How neatly spread his claws, And welcome little fishes in With gently smiling jaws!\' \'I\'m sure those are not attending!\' said the Queen. \'Sentence first--verdict afterwards.\' \'Stuff and nonsense!\' said Alice sharply, for she was losing her temper. \'Are you.',
	 '1986-03-23', '18+'),
	('42', '5', '128', 'Open-architected multimedia throughput',
	 'Mock Turtle sighed deeply, and drew the back of one flapper across his eyes. He looked anxiously over his shoulder as he fumbled over the list, feeling very glad to do it.\' (And, as you are; secondly, because they\'re making such VERY short remarks, and she was walking hand in her life, and had just upset the milk-jug into his plate. Alice did not.',
	 '1972-12-29', '16+'),
	('43', '3', '18', 'Future-proofed discrete functionalities',
	 'Alice was more hopeless than ever: she sat on, with closed eyes, and feebly stretching out one paw, trying to touch her. \'Poor little thing!\' It did so indeed, and much sooner than she had not noticed before, and he called the Queen, in a bit.\' \'Perhaps it doesn\'t matter much,\' thought Alice, \'or perhaps they won\'t walk the way the people that.',
	 '1974-09-25', 'NR'),
	('44', '3', '3', 'Enterprise-wide system-worthy artificialintelligence',
	 'When they take us up and bawled out, \"He\'s murdering the time! Off with his head!\' she said, \'and see whether it\'s marked \"poison\" or not\'; for she was holding, and she thought it had some kind of sob, \'I\'ve tried every way, and then another confusion of voices--\'Hold up his head--Brandy now--Don\'t choke him--How was it, old fellow? What happened.',
	 '1974-05-07', '6+'),
	('45', '1', '102', 'Organized multi-state array',
	 'NOT, being made entirely of cardboard.) \'All right, so far,\' said the Rabbit was still in sight, and no more of it now in sight, hurrying down it. There was exactly the right height to be.\' \'It is a raven like a writing-desk?\' \'Come, we shall have to whisper a hint to Time, and round the court was a large kitchen, which was sitting on the.',
	 '1975-08-12', '6+'),
	('46', '2', '56', 'Team-oriented tertiary focusgroup',
	 'Alice, \'it would be so kind,\' Alice replied, rather shyly, \'I--I hardly know, sir, just at first, the two creatures got so much frightened to say whether the blows hurt it or not. \'Oh, PLEASE mind what you\'re at!\" You know the meaning of it in her hand, watching the setting sun, and thinking of little cartwheels, and the other guinea-pig cheered,.',
	 '1992-04-04', '12+'),
	('47', '6', '139', 'Focused transitional securedline',
	 'I was a little of the e--e--evening, Beautiful, beautiful Soup! \'Beautiful Soup! Who cares for you?\' said Alice, swallowing down her flamingo, and began an account of the court and got behind him, and very angrily. \'A knot!\' said Alice, surprised at her feet as the doubled-up soldiers were always getting up and throw us, with the Dormouse. \'Don\'t.',
	 '1999-12-22', '18+'),
	('48', '6', '11', 'Quality-focused real-time internetsolution',
	 'Alice, who was trembling down to them, and the moon, and memory, and muchness--you know you say things are worse than ever,\' thought the whole thing very absurd, but they were nowhere to be sure! However, everything is to-day! And yesterday things went on saying to herself how she would get up and went on in the sea, \'and in that soup!\' Alice.',
	 '1978-05-24', '16+'),
	('49', '4', '84', 'Configurable didactic policy',
	 'Where CAN I have ordered\'; and she grew no larger: still it was certainly not becoming. \'And that\'s the queerest thing about it.\' (The jury all looked puzzled.) \'He must have been that,\' said the cook. The King turned pale, and shut his note-book hastily. \'Consider your verdict,\' he said in a tone of great surprise. \'Of course they were\', said.',
	 '2003-06-08', '18+'),
	('50', '3', '33', 'De-engineered holistic product',
	 'With gently smiling jaws!\' \'I\'m sure I\'m not the right size, that it was labelled \'ORANGE MARMALADE\', but to her full size by this time.) \'You\'re nothing but a pack of cards: the Knave \'Turn them over!\' The Knave did so, and were resting in the world go round!\"\' \'Somebody said,\' Alice whispered, \'that it\'s done by everybody minding their own.',
	 '2009-07-02', '16+'),
	('51', '1', '51', 'Ameliorated methodical forecast',
	 'Shakespeare, in the common way. So she swallowed one of the miserable Mock Turtle. \'Seals, turtles, salmon, and so on; then, when you\'ve cleared all the time he had taken advantage of the Lizard\'s slate-pencil, and the shrill voice of the baby?\' said the Caterpillar. This was such a thing. After a time she had known them all her life. Indeed, she.',
	 '1971-03-25', '6+'),
	('52', '4', '36', 'Total content-based encryption',
	 'May it won\'t be raving mad after all! I almost wish I hadn\'t gone down that rabbit-hole--and yet--and yet--it\'s rather curious, you know, with oh, such long curly brown hair! And it\'ll fetch things when you come to the baby, the shriek of the other side, the puppy began a series of short charges at the frontispiece if you like!\' the Duchess to.',
	 '2013-08-01', '18+'),
	('53', '1', '72', 'Extended client-server instructionset',
	 'Mystery,\' the Mock Turtle. \'Very much indeed,\' said Alice. The poor little thing sobbed again (or grunted, it was quite pale (with passion, Alice thought), and it said nothing. \'When we were little,\' the Mock Turtle replied in a melancholy air, and, after glaring at her as she passed; it was very fond of beheading people here; the great puzzle!\'.',
	 '1990-07-13', '12+'),
	('54', '4', '108', 'Total contextually-based protocol',
	 'Alice ventured to say. \'What is it?\' he said, turning to Alice with one finger; and the moon, and memory, and muchness--you know you say things are worse than ever,\' thought the poor little thing sat down and looked along the passage into the garden with one of them were animals, and some \'unimportant.\' Alice could not even room for YOU, and no.',
	 '1988-08-26', '6+'),
	('55', '3', '77', 'Re-contextualized stable migration',
	 'I begin, please your Majesty,\' said Alice in a moment: she looked down at them, and he went on, looking anxiously about as it left no mark on the look-out for serpents night and day! Why, I haven\'t been invited yet.\' \'You\'ll see me there,\' said the Caterpillar. \'Well, I\'ve tried to say than his first remark, \'It was a good opportunity for making.',
	 '1973-09-09', '6+'),
	('56', '6', '32', 'Synergized human-resource synergy',
	 'Mock Turtle, \'but if they do, why then they\'re a kind of authority over Alice. \'Stand up and bawled out, \"He\'s murdering the time! Off with his head!\"\' \'How dreadfully savage!\' exclaimed Alice. \'That\'s the first to break the silence. \'What day of the room. The cook threw a frying-pan after her as she went on, yawning and rubbing its eyes, \'Of.',
	 '2008-01-27', '6+'),
	('57', '2', '121', 'Reactive high-level approach',
	 'I was, I shouldn\'t want YOURS: I don\'t care which happens!\' She ate a little house in it about four feet high. \'Whoever lives there,\' thought Alice, \'to pretend to be otherwise.\"\' \'I think you could see this, as she could, for her neck kept getting entangled among the leaves, which she found it made Alice quite jumped; but she did so, and giving.',
	 '1979-09-14', '0+'),
	('58', '4', '54', 'Ameliorated 4thgeneration attitude',
	 'And yet I don\'t put my arm round your waist,\' the Duchess said after a few minutes that she could not think of nothing else to do, so Alice went timidly up to the other players, and shouting \'Off with her friend. When she got to come before that!\' \'Call the first figure!\' said the Caterpillar took the place where it had finished this short.',
	 '2012-02-05', '6+'),
	('59', '6', '11', 'Universal real-time encryption',
	 'He sent them word I had to do it?\' \'In my youth,\' Father William replied to his son, \'I feared it might belong to one of the guinea-pigs cheered, and was going to be, from one foot up the fan she was near enough to look for her, and said, \'That\'s right, Five! Always lay the blame on others!\' \'YOU\'D better not do that again!\' which produced.',
	 '2016-01-08', '16+'),
	('60', '2', '3', 'Networked intangible productivity',
	 'King said, with a soldier on each side, and opened their eyes and mouths so VERY nearly at the door and found quite a conversation of it now in sight, hurrying down it. There was a dispute going on rather better now,\' she said, \'than waste it in a melancholy tone: \'it doesn\'t seem to have the experiment tried. \'Very true,\' said the Hatter, and.',
	 '1981-01-13', 'NR'),
	('61', '3', '145', 'Re-engineered 24/7 knowledgebase',
	 'Some of the jurymen. \'No, they\'re not,\' said the King. \'Nothing whatever,\' said Alice. \'I\'m glad they don\'t seem to dry me at home! Why, I haven\'t been invited yet.\' \'You\'ll see me there,\' said the Duchess. An invitation for the moment she appeared; but she added, to herself, as well as the Dormouse shall!\' they both cried. \'Wake up, Alice dear!\'.',
	 '2010-11-09', '12+'),
	('62', '6', '8', 'Multi-tiered impactful software',
	 'It sounded an excellent plan, no doubt, and very soon finished off the fire, stirring a large mushroom growing near her, about the twentieth time that day. \'A likely story indeed!\' said the King. \'Shan\'t,\' said the Hatter. He had been running half an hour or so there were no arches left, and all dripping wet, cross, and uncomfortable. The moment.',
	 '1991-07-29', '0+'),
	('63', '4', '127', 'Balanced impactful productivity',
	 'Hatter, \'you wouldn\'t talk about her repeating \'YOU ARE OLD, FATHER WILLIAM,\"\' said the last word two or three times over to the game, the Queen shouted at the place of the garden, and marked, with one of them even when they passed too close, and waving their forepaws to mark the time, while the Mouse was bristling all over, and she trembled till.',
	 '2012-02-22', '16+'),
	('64', '6', '74', 'Stand-alone modular complexity',
	 'Dormouse say?\' one of the jurymen. \'No, they\'re not,\' said the White Rabbit; \'in fact, there\'s nothing written on the top of her voice. Nobody moved. \'Who cares for fish, Game, or any other dish? Who would not allow without knowing how old it was, and, as a partner!\' cried the Gryphon, \'she wants for to know your history, you know,\' the Hatter.',
	 '2005-10-13', '16+'),
	('65', '3', '92', 'Centralized hybrid attitude',
	 'The Fish-Footman began by taking the little creature down, and was going to begin with.\' \'A barrowful of WHAT?\' thought Alice to herself. At this moment the King, going up to them she heard something like this:-- \'Fury said to the little crocodile Improve his shining tail, And pour the waters of the fact. \'I keep them to sell,\' the Hatter said,.',
	 '2002-10-05', '18+'),
	('66', '4', '41', 'Public-key executive software',
	 'Majesty?\' he asked. \'Begin at the end of his head. But at any rate, there\'s no name signed at the cook, and a piece of evidence we\'ve heard yet,\' said the King. \'Nothing whatever,\' said Alice. \'Well, then,\' the Gryphon only answered \'Come on!\' cried the Mouse, getting up and throw us, with the grin, which remained some time with one of them even.',
	 '2013-01-17', '12+'),
	('67', '2', '9', 'Enterprise-wide demand-driven artificialintelligence',
	 'Duchess: you\'d better leave off,\' said the March Hare. \'Yes, please do!\' pleaded Alice. \'And where HAVE my shoulders got to? And oh, I wish you would seem to come once a week: HE taught us Drawling, Stretching, and Fainting in Coils.\' \'What was that?\' inquired Alice. \'Reeling and Writhing, of course, I meant,\' the King put on his knee, and the.',
	 '1987-10-12', 'NR'),
	('68', '5', '126', 'Realigned maximized firmware',
	 'If they had a head could be beheaded, and that you weren\'t to talk to.\' \'How are you thinking of?\' \'I beg your pardon,\' said Alice sharply, for she was now about two feet high: even then she remembered the number of executions the Queen of Hearts were seated on their slates, and then all the things get used up.\' \'But what happens when one eats.',
	 '1992-11-04', '18+'),
	('69', '3', '116', 'Universal tangible time-frame',
	 'However, at last in the middle. Alice kept her eyes anxiously fixed on it, and talking over its head. \'Very uncomfortable for the White Rabbit, trotting slowly back again, and did not look at the bottom of the Queen in a melancholy tone. \'Nobody seems to be executed for having cheated herself in a great hurry. An enormous puppy was looking up.',
	 '1999-01-18', '0+'),
	('70', '1', '97', 'Reactive modular flexibility',
	 'Alice. \'Nothing WHATEVER?\' persisted the King. The White Rabbit cried out, \'Silence in the house, and found herself falling down a very good advice, (though she very soon finished it off. \'If everybody minded their own business!\' \'Ah, well! It means much the same year for such dainties would not stoop? Soup of the lefthand bit. * * CHAPTER II..',
	 '1977-02-17', '0+'),
	('71', '5', '48', 'Diverse system-worthy info-mediaries',
	 'Alice, always ready to play croquet with the bread-knife.\' The March Hare will be much the same thing as \"I eat what I was thinking I should like to try the experiment?\' \'HE might bite,\' Alice cautiously replied, not feeling at all anxious to have lessons to learn! Oh, I shouldn\'t want YOURS: I don\'t remember where.\' \'Well, it must make me.',
	 '1997-05-02', '0+'),
	('72', '6', '101', 'Multi-layered global artificialintelligence',
	 'Hatter began, in a great thistle, to keep herself from being broken. She hastily put down her flamingo, and began singing in its sleep \'Twinkle, twinkle, twinkle, twinkle--\' and went on just as if a fish came to ME, and told me you had been looking at the top of the what?\' said the Caterpillar. \'Well, I\'ve tried hedges,\' the Pigeon the.',
	 '2019-09-16', 'NR'),
	('73', '2', '150', 'Enterprise-wide 5thgeneration knowledgeuser',
	 'It means much the most important piece of bread-and-butter in the middle, being held up by two guinea-pigs, who were lying on their slates, and she dropped it hastily, just in time to see if she could remember about ravens and writing-desks, which wasn\'t much. The Hatter opened his eyes very wide on hearing this; but all he SAID was, \'Why is a.',
	 '2005-03-02', '12+'),
	('74', '2', '18', 'Front-line even-keeled model',
	 'Mock Turtle with a little shaking among the trees, a little pattering of feet in a low, weak voice. \'Now, I give you fair warning,\' shouted the Queen. \'You make me larger, it must be off, then!\' said the King: \'leave out that the best plan.\' It sounded an excellent opportunity for croqueting one of the treat. When the sands are all dry, he is gay.',
	 '2015-07-31', 'NR'),
	('75', '2', '87', 'User-centric optimal archive',
	 'Edwin and Morcar, the earls of Mercia and Northumbria--\"\' \'Ugh!\' said the Cat. \'Do you take me for asking! No, it\'ll never do to hold it. As soon as she could, and waited till the eyes appeared, and then the different branches of Arithmetic--Ambition, Distraction, Uglification, and Derision.\' \'I never heard of one,\' said Alice, in a very short.',
	 '2005-04-24', '18+'),
	('76', '6', '12', 'Visionary grid-enabled frame',
	 'Duchess, the Duchess! Oh! won\'t she be savage if I\'ve been changed in the sea, \'and in that ridiculous fashion.\' And he got up very sulkily and crossed over to the puppy; whereupon the puppy jumped into the darkness as hard as she was now the right size, that it had entirely disappeared; so the King said gravely, \'and go on crying in this way!.',
	 '2009-03-27', '18+'),
	('77', '4', '5', 'Customer-focused interactive info-mediaries',
	 'Alice, \'it\'ll never do to ask: perhaps I shall remember it in her head, and she dropped it hastily, just in time to wash the things between whiles.\' \'Then you may nurse it a minute or two she walked on in the kitchen that did not like to be listening, so she went in without knocking, and hurried upstairs, in great disgust, and walked off; the.',
	 '1970-12-01', 'NR'),
	('78', '6', '133', 'Customizable foreground alliance',
	 'VERY nearly at the thought that it might tell her something worth hearing. For some minutes it puffed away without being seen, when she noticed that the cause of this sort of people live about here?\' \'In THAT direction,\' the Cat went on, very much to-night, I should understand that better,\' Alice said very politely, \'if I had our Dinah here, I.',
	 '2004-07-21', '12+'),
	('79', '3', '138', 'Polarised empowering contingency',
	 'Her chin was pressed so closely against her foot, that there was mouth enough for it now, I suppose, by being drowned in my life!\' Just as she spoke. Alice did not quite sure whether it was over at last: \'and I do it again and again.\' \'You are old,\' said the Mock Turtle, capering wildly about. \'Change lobsters again!\' yelled the Gryphon never.',
	 '2007-09-24', '16+'),
	('80', '5', '142', 'Profound zerodefect database',
	 'Mock Turtle with a deep voice, \'are done with blacking, I believe.\' \'Boots and shoes under the circumstances. There was a very humble tone, going down on one knee as he spoke, and then dipped suddenly down, so suddenly that Alice quite jumped; but she got up, and began by taking the little creature down, and was just in time to begin with; and.',
	 '1983-06-06', '16+'),
	('81', '1', '107', 'Reactive zerodefect intranet',
	 'Caterpillar seemed to be a person of authority among them, called out, \'First witness!\' The first witness was the White Rabbit read:-- \'They told me he was gone, and the three gardeners, but she could for sneezing. There was a table set out under a tree in the lap of her head down to them, and he wasn\'t going to be, from one of the way of nursing.',
	 '2001-12-11', '6+'),
	('82', '6', '133', 'Streamlined context-sensitive benchmark',
	 'Alice\'s first thought was that you have of putting things!\' \'It\'s a friend of mine--a Cheshire Cat,\' said Alice: \'she\'s so extremely--\' Just then her head impatiently; and, turning to Alice, \'Have you guessed the riddle yet?\' the Hatter added as an explanation; \'I\'ve none of YOUR adventures.\' \'I could tell you how it was good manners for her neck.',
	 '2015-08-30', '16+'),
	('83', '6', '101', 'Persevering context-sensitive complexity',
	 'COULD! I\'m sure I can\'t show it you myself,\' the Mock Turtle. \'No, no! The adventures first,\' said the cook. The King and Queen of Hearts, carrying the King\'s crown on a summer day: The Knave of Hearts, who only bowed and smiled in reply. \'Idiot!\' said the White Rabbit blew three blasts on the floor, and a fan! Quick, now!\' And Alice was very.',
	 '1972-08-13', '18+'),
	('84', '2', '68', 'Organized holistic knowledgeuser',
	 'It\'s high time you were down here with me! There are no mice in the sea, some children digging in the other. In the very tones of her little sister\'s dream. The long grass rustled at her feet as the large birds complained that they had a pencil that squeaked. This of course, to begin with,\' the Mock Turtle angrily: \'really you are painting those.',
	 '2006-01-25', '6+'),
	('85', '3', '104', 'Universal dynamic help-desk',
	 'Alice could see her after the others. \'We must burn the house if it thought that she tipped over the fire, stirring a large one, but it did not like to be sure! However, everything is to-day! And yesterday things went on again: \'Twenty-four hours, I THINK; or is it I can\'t quite follow it as well as she fell very slowly, for she was to twist it.',
	 '1986-07-13', 'NR'),
	('86', '6', '42', 'Vision-oriented grid-enabled hierarchy',
	 'Alice turned and came back again. \'Keep your temper,\' said the Hatter, it woke up again with a sigh: \'he taught Laughing and Grief, they used to know. Let me see--how IS it to her very much to-night, I should think you might catch a bat, and that\'s very like having a game of play with a table in the house, and have next to her. \'I can see you\'re.',
	 '2008-06-20', '16+'),
	('87', '1', '58', 'Down-sized mission-critical synergy',
	 'This of course, to begin with,\' the Mock Turtle replied in an offended tone, and she went down on one knee. \'I\'m a poor man,\' the Hatter went on, very much to-night, I should like to be ashamed of yourself for asking such a simple question,\' added the Dormouse. \'Fourteenth of March, I think it would make with the next moment she appeared; but she.',
	 '2009-09-16', 'NR'),
	('88', '4', '36', 'Seamless full-range circuit',
	 'Alice. \'That\'s the most confusing thing I ask! It\'s always six o\'clock now.\' A bright idea came into Alice\'s shoulder as she remembered that she looked down, was an uncomfortably sharp chin. However, she did not quite know what they\'re about!\' \'Read them,\' said the Pigeon in a very good advice, (though she very soon came upon a heap of sticks and.',
	 '1997-04-09', '18+'),
	('89', '6', '79', 'Persistent value-added architecture',
	 'White Rabbit. She was close behind us, and he\'s treading on her toes when they had been looking at the proposal. \'Then the Dormouse fell asleep instantly, and Alice thought decidedly uncivil. \'But perhaps it was too dark to see if he thought it would like the Mock Turtle. \'She can\'t explain it,\' said Five, \'and I\'ll tell him--it was for bringing.',
	 '2004-08-09', '12+'),
	('90', '1', '145', 'Front-line even-keeled intranet',
	 'CHORUS. (In which the cook and the m--\' But here, to Alice\'s side as she went on in a very truthful child; \'but little girls in my kitchen AT ALL. Soup does very well without--Maybe it\'s always pepper that had fluttered down from the Queen jumped up on tiptoe, and peeped over the list, feeling very curious thing, and longed to change the subject..',
	 '1997-01-08', '6+'),
	('91', '2', '68', 'Managed neutral migration',
	 'Alice, with a shiver. \'I beg your pardon!\' said the Lory hastily. \'I thought it over a little bottle on it, and fortunately was just going to give the hedgehog had unrolled itself, and began picking them up again with a large mushroom growing near her, she began, in rather a hard word, I will prosecute YOU.--Come, I\'ll take no denial; We must.',
	 '2009-09-28', '0+'),
	('92', '5', '65', 'Profit-focused mission-critical standardization',
	 'Alice, as the game was in such confusion that she tipped over the verses to himself: \'\"WE KNOW IT TO BE TRUE--\" that\'s the queerest thing about it.\' (The jury all looked so good, that it was quite tired of swimming about here, O Mouse!\' (Alice thought this must ever be A secret, kept from all the time when she got used to know. Let me see: four.',
	 '1993-08-18', '12+'),
	('93', '5', '86', 'Future-proofed disintermediate knowledgeuser',
	 'I should be raving mad--at least not so mad as it can talk: at any rate, there\'s no use now,\' thought Alice, \'they\'re sure to make personal remarks,\' Alice said nothing: she had finished, her sister sat still and said \'No, never\') \'--so you can find out the Fish-Footman was gone, and, by the carrier,\' she thought; \'and how funny it\'ll seem to.',
	 '1996-01-13', '16+'),
	('94', '5', '108', 'Multi-lateral leadingedge emulation',
	 'Lory, who at last she spread out her hand in hand with Dinah, and saying \"Come up again, dear!\" I shall have to ask any more questions about it, even if my head would go through,\' thought poor Alice, \'to speak to this last remark that had fluttered down from the sky! Ugh, Serpent!\' \'But I\'m NOT a serpent, I tell you, you coward!\' and at last the.',
	 '1977-04-11', '18+'),
	('95', '3', '75', 'Networked logistical software',
	 'I get SOMEWHERE,\' Alice added as an explanation; \'I\'ve none of my life.\' \'You are not the right way to hear it say, as it is.\' \'I quite agree with you,\' said Alice, swallowing down her anger as well say this), \'to go on with the birds hurried off at once, with a soldier on each side to guard him; and near the house down!\' said the Hatter. \'I deny.',
	 '2017-09-24', '12+'),
	('96', '6', '77', 'Extended 3rdgeneration contingency',
	 'King, who had been looking over their shoulders, that all the rest, Between yourself and me.\' \'That\'s the most confusing thing I know. Silence all round, if you please! \"William the Conqueror, whose cause was favoured by the prisoner to--to somebody.\' \'It must have a prize herself, you know,\' said Alice thoughtfully: \'but then--I shouldn\'t be.',
	 '1984-04-12', '18+'),
	('97', '5', '27', 'Organic background software',
	 'When I used to it!\' pleaded poor Alice in a tone of great dismay, and began singing in its sleep \'Twinkle, twinkle, twinkle, twinkle--\' and went on so long since she had peeped into the air, and came flying down upon her: she gave a little pattering of feet in the kitchen that did not appear, and after a fashion, and this Alice thought to.',
	 '1976-03-19', '6+'),
	('98', '4', '76', 'Open-architected bi-directional throughput',
	 'For he can EVEN finish, if he thought it had no reason to be rude, so she tried to get dry again: they had settled down in a hurry: a large cauldron which seemed to rise like a tunnel for some time without interrupting it. \'They must go back and see what was going to turn into a small passage, not much larger than a real nose; also its eyes.',
	 '1981-08-23', '18+'),
	('99', '4', '113', 'Re-engineered scalable array',
	 'King and the reason of that?\' \'In my youth,\' Father William replied to his ear. Alice considered a little, half expecting to see that queer little toss of her going, though she felt unhappy. \'It was a bright idea came into Alice\'s head. \'Is that the best of educations--in fact, we went to school in the face. \'I\'ll put a white one in by mistake;.',
	 '2008-11-05', '16+'),
	('100', '2', '24', 'Balanced 24hour processimprovement',
	 'Mock Turtle. \'She can\'t explain it,\' said the Footman. \'That\'s the most confusing thing I ever heard!\' \'Yes, I think I can creep under the hedge. In another moment down went Alice after it, \'Mouse dear! Do come back again, and put back into the Dormouse\'s place, and Alice looked up, and reduced the answer to it?\' said the Caterpillar, just as if.',
	 '1993-04-08', '12+');


-- ----------------------------------- TITLES ADDITIONAL INFO

INSERT INTO title_country(title_id, country_id)
VALUES
	('1', '148'),
	('2', '27'),
	('3', '123'),
	('4', '223'),
	('5', '101'),
	('6', '81'),
	('7', '205'),
	('8', '220'),
	('9', '103'),
	('10', '216'),
	('11', '161'),
	('12', '178'),
	('13', '137'),
	('14', '184'),
	('15', '33'),
	('16', '42'),
	('17', '15'),
	('18', '131'),
	('19', '85'),
	('20', '48'),
	('21', '14'),
	('22', '3'),
	('23', '226'),
	('24', '227'),
	('25', '34'),
	('26', '88'),
	('27', '151'),
	('28', '154'),
	('29', '33'),
	('30', '6'),
	('31', '162'),
	('32', '23'),
	('33', '152'),
	('34', '146'),
	('35', '76'),
	('36', '158'),
	('37', '9'),
	('38', '5'),
	('39', '231'),
	('40', '119'),
	('41', '133'),
	('42', '140'),
	('43', '171'),
	('44', '150'),
	('45', '133'),
	('46', '118'),
	('47', '74'),
	('48', '79'),
	('49', '65'),
	('50', '86'),
	('51', '1'),
	('52', '234'),
	('53', '163'),
	('54', '76'),
	('55', '68'),
	('56', '142'),
	('57', '29'),
	('58', '139'),
	('59', '39'),
	('60', '111'),
	('61', '1'),
	('62', '199'),
	('63', '119'),
	('64', '134'),
	('65', '136'),
	('66', '144'),
	('67', '71'),
	('68', '128'),
	('69', '182'),
	('70', '157'),
	('71', '17'),
	('72', '24'),
	('73', '234'),
	('74', '142'),
	('75', '116'),
	('76', '207'),
	('77', '156'),
	('78', '118'),
	('79', '40'),
	('80', '135'),
	('81', '46'),
	('82', '135'),
	('83', '212'),
	('84', '196'),
	('85', '38'),
	('86', '195'),
	('87', '68'),
	('88', '65'),
	('89', '214'),
	('90', '164'),
	('91', '177'),
	('92', '141'),
	('93', '132'),
	('94', '46'),
	('95', '200'),
	('96', '20'),
	('97', '44'),
	('98', '14'),
	('99', '197'),
	('100', '12'),
	('1', '234'),
	('2', '240'),
	('3', '228'),
	('4', '110'),
	('5', '140'),
	('6', '95'),
	('7', '182'),
	('8', '197'),
	('9', '221'),
	('10', '16'),
	('11', '74'),
	('12', '125'),
	('13', '131'),
	('14', '175'),
	('15', '116'),
	('16', '94'),
	('17', '140'),
	('18', '85'),
	('19', '85'),
	('20', '70'),
	('21', '144'),
	('22', '12'),
	('23', '80'),
	('24', '130'),
	('25', '14'),
	('26', '180'),
	('27', '69'),
	('28', '104'),
	('29', '176'),
	('30', '185'),
	('31', '118'),
	('32', '62');

INSERT INTO title_company(title_id, company_id)
VALUES
	('1', '3'),
	('2', '13'),
	('3', '22'),
	('4', '6'),
	('5', '8'),
	('6', '8'),
	('7', '23'),
	('8', '4'),
	('9', '16'),
	('10', '9'),
	('11', '18'),
	('12', '24'),
	('13', '2'),
	('14', '3'),
	('15', '18'),
	('16', '13'),
	('17', '13'),
	('18', '1'),
	('19', '8'),
	('20', '3'),
	('21', '20'),
	('22', '17'),
	('23', '7'),
	('24', '2'),
	('25', '15'),
	('26', '24'),
	('27', '9'),
	('28', '19'),
	('29', '22'),
	('30', '13'),
	('31', '17'),
	('32', '1'),
	('33', '12'),
	('34', '4'),
	('35', '21'),
	('36', '12'),
	('37', '25'),
	('38', '14'),
	('39', '6'),
	('40', '14'),
	('41', '1'),
	('42', '3'),
	('43', '9'),
	('44', '25'),
	('45', '17'),
	('46', '13'),
	('47', '22'),
	('48', '8'),
	('49', '8'),
	('50', '13'),
	('51', '11'),
	('52', '4'),
	('53', '4'),
	('54', '21'),
	('55', '14'),
	('56', '2'),
	('57', '21'),
	('58', '1'),
	('59', '10'),
	('60', '16'),
	('61', '24'),
	('62', '12'),
	('63', '22'),
	('64', '3'),
	('65', '23'),
	('66', '21'),
	('67', '13'),
	('68', '13'),
	('69', '25'),
	('70', '23'),
	('71', '16'),
	('72', '11'),
	('73', '8'),
	('74', '16'),
	('75', '15'),
	('76', '3'),
	('77', '11'),
	('78', '22'),
	('79', '11'),
	('80', '25'),
	('81', '5'),
	('82', '12'),
	('83', '5'),
	('84', '7'),
	('85', '7'),
	('86', '12'),
	('87', '12'),
	('88', '5'),
	('89', '7'),
	('90', '4'),
	('91', '12'),
	('92', '13'),
	('93', '11'),
	('94', '17'),
	('95', '7'),
	('96', '13'),
	('97', '21'),
	('98', '5'),
	('99', '23'),
	('100', '7'),
	('6', '1'),
	('95', '2'),
	('93', '25'),
	('95', '25'),
	('34', '9'),
	('91', '19'),
	('58', '22'),
	('72', '19'),
	('57', '6'),
	('99', '6'),
	('28', '1'),
	('52', '24'),
	('99', '24'),
	('35', '23'),
	('59', '2'),
	('95', '20'),
	('32', '19'),
	('38', '2'),
	('59', '24'),
	('62', '3'),
	('45', '17'),
	('90', '22'),
	('25', '4'),
	('2', '5'),
	('29', '25'),
	('77', '13'),
	('5', '23'),
	('65', '14'),
	('12', '17'),
	('69', '22'),
	('77', '3'),
	('21', '17'),
	('34', '7'),
	('27', '14'),
	('96', '24'),
	('24', '8'),
	('86', '22'),
	('9', '25'),
	('42', '23'),
	('64', '24'),
	('91', '11'),
	('62', '6'),
	('4', '3'),
	('18', '15'),
	('70', '20'),
	('37', '5'),
	('9', '8'),
	('96', '12'),
	('73', '1'),
	('39', '1'),
	('6', '21'),
	('95', '14'),
	('10', '23'),
	('53', '12'),
	('26', '7'),
	('83', '9'),
	('39', '16'),
	('63', '12'),
	('4', '6'),
	('41', '2'),
	('100', '6'),
	('42', '12'),
	('97', '17'),
	('94', '14'),
	('85', '24'),
	('31', '13'),
	('6', '25'),
	('88', '12'),
	('6', '5'),
	('13', '14'),
	('84', '3'),
	('56', '18'),
	('99', '9'),
	('16', '4'),
	('64', '16'),
	('75', '16'),
	('33', '20'),
	('97', '2'),
	('69', '12'),
	('83', '7'),
	('27', '2'),
	('90', '12'),
	('67', '24'),
	('98', '7'),
	('72', '13'),
	('6', '14'),
	('59', '25'),
	('59', '9'),
	('90', '23'),
	('72', '23'),
	('68', '19'),
	('45', '17'),
	('73', '16'),
	('20', '4'),
	('56', '24'),
	('46', '2'),
	('70', '23'),
	('7', '1'),
	('81', '10'),
	('11', '2');

INSERT INTO people(first_name, last_name, date_of_birth, gender, photo, country_id)
VALUES
	('Watson', 'White', '1987-06-23', 'm', '93', '140'),
	('Otis', 'Jacobson', '1987-12-14', 'f', '40', '104'),
	('Vilma', 'McLaughlin', '1987-08-23', 'f', '45', '1'),
	('Karley', 'Moore', '1987-06-29', 'f', '66', '165'),
	('Elsie', 'Corkery', '1987-08-16', 'm', '70', '173'),
	('Antwan', 'Dooley', '1987-01-31', 'f', '140', '116'),
	('Elfrieda', 'Wilkinson', '1987-08-21', 'f', '136', '94'),
	('Samir', 'Heller', '1971-08-03', 'm', '24', '186'),
	('Jon', 'Bartoletti', '1987-04-10', 'f', '18', '193'),
	('Xzavier', 'Altenwerth', '1974-02-02', 'f', '75', '115'),
	('Leola', 'Welch', '1987-07-13', 'f', '85', '17'),
	('Jordy', 'Hoppe', '1973-11-27', 'f', '61', '4'),
	('Eve', 'Prohaska', '1987-09-03', 'm', '59', '228'),
	('Joy', 'Schiller', '1976-02-20', 'f', '150', '153'),
	('Alfonzo', 'Nolan', '1987-08-23', 'm', '92', '119'),
	('Greyson', 'Doyle', '1980-06-12', 'f', '85', '239'),
	('Blaze', 'Kovacek', '1976-02-27', 'f', '105', '36'),
	('Ivy', 'Kulas', '1998-04-30', 'm', '47', '168'),
	('Norene', 'Jast', '1987-07-31', 'm', '140', '75'),
	('Marta', 'Schmeler', '1987-11-17', 'm', '49', '67'),
	('Emmie', 'Greenholt', '1972-12-10', 'm', '19', '55'),
	('Deion', 'Zieme', '1987-04-22', 'm', '59', '151'),
	('Annetta', 'Welch', '1980-05-21', 'm', '139', '78'),
	('Austyn', 'Zboncak', '1978-08-12', 'f', '98', '187'),
	('Ned', 'Gutmann', '1986-04-09', 'f', '85', '77'),
	('Grace', 'Toy', '1996-01-19', 'f', '22', '26'),
	('Albina', 'Corkery', '1986-06-13', 'm', '42', '34'),
	('Santiago', 'Greenfelder', '1970-12-07', 'f', '75', '69'),
	('Alfonzo', 'Blick', '1979-02-04', 'f', '70', '228'),
	('Kitty', 'Emard', '1987-07-01', 'm', '85', '117'),
	('Wade', 'Schaden', '1989-12-24', 'm', '90', '206'),
	('Serena', 'Fadel', '1999-08-25', 'f', '94', '89'),
	('Mervin', 'Emard', '1986-06-22', 'm', '83', '125'),
	('Era', 'Abernathy', '1992-01-21', 'm', '117', '23'),
	('Alexandrea', 'Botsford', '1988-07-08', 'm', '36', '18'),
	('Winnifred', 'Ullrich', '1999-01-10', 'f', '65', '170'),
	('Emilie', 'Corwin', '1976-08-11', 'f', '94', '206'),
	('Leilani', 'Macejkovic', '1987-05-25', 'm', '145', '25'),
	('Olga', 'Jast', '1994-06-28', 'm', '41', '208'),
	('Reta', 'Howell', '1986-05-15', 'm', '124', '83'),
	('Nova', 'Schuster', '1986-02-15', 'm', '145', '16'),
	('Mark', 'Berge', '1981-04-04', 'f', '102', '15'),
	('Janick', 'O\'Kon', '1972-11-15', 'm', '91', '158'),
	('Doug', 'Nicolas', '1987-05-14', 'f', '142', '174'),
	('Ollie', 'Russel', '1987-06-13', 'm', '148', '177'),
	('Junior', 'Harber', '1987-10-31', 'm', '28', '31'),
	('Zane', 'Huels', '1987-04-19', 'f', '74', '95'),
	('Kyler', 'Bechtelar', '1998-04-14', 'm', '143', '47'),
	('Bernie', 'Runolfsson', '1981-02-20', 'm', '148', '108'),
	('Ashton', 'Nienow', '1985-08-31', 'm', '101', '229'),
	('Teresa', 'Bode', '1987-02-24', 'm', '1', '61'),
	('Felicita', 'Walsh', '1978-09-09', 'm', '72', '86'),
	('Felicity', 'Lynch', '1980-02-18', 'm', '137', '214'),
	('Renee', 'Stamm', '1987-04-07', 'm', '35', '225'),
	('Ronaldo', 'Rippin', '1992-10-07', 'm', '95', '110'),
	('Fernando', 'Bartell', '1993-03-30', 'f', '127', '206'),
	('Kelsi', 'Keeling', '1975-04-19', 'm', '129', '3'),
	('Jalen', 'Rosenbaum', '1987-01-21', 'f', '130', '64'),
	('Lela', 'Dooley', '1982-10-22', 'f', '131', '32'),
	('Cierra', 'O\'Reilly', '1987-07-20', 'm', '91', '215'),
	('Evan', 'Hauck', '1994-02-26', 'f', '133', '5'),
	('Alexandria', 'Harvey', '1970-06-23', 'm', '35', '147'),
	('Montana', 'Lindgren', '1987-12-22', 'f', '43', '94'),
	('Chase', 'Lockman', '1991-06-20', 'm', '49', '207'),
	('Hilton', 'Weimann', '1982-08-25', 'f', '119', '45'),
	('Filiberto', 'Littel', '1987-11-22', 'm', '79', '138'),
	('Karli', 'Corkery', '1980-01-20', 'm', '75', '104'),
	('Darrick', 'Wyman', '1987-09-19', 'm', '114', '143'),
	('Ilene', 'McDermott', '1990-06-20', 'm', '95', '65'),
	('Monica', 'Deckow', '1994-04-19', 'm', '84', '116'),
	('Obie', 'Mayer', '1987-02-28', 'f', '92', '213'),
	('Erna', 'Parisian', '1987-06-28', 'm', '135', '215'),
	('Friedrich', 'Hahn', '1970-11-25', 'm', '34', '116'),
	('Brando', 'Gorczany', '1982-05-23', 'f', '75', '84'),
	('Nickolas', 'Towne', '1974-12-01', 'm', '136', '215'),
	('Deborah', 'Roob', '1986-01-28', 'f', '119', '198'),
	('Newton', 'Hilll', '1987-11-17', 'm', '133', '219'),
	('Adan', 'Ritchie', '1975-06-05', 'm', '140', '107'),
	('Myra', 'Kunze', '1983-09-01', 'm', '113', '24'),
	('Duane', 'Rolfson', '1997-09-10', 'm', '133', '81'),
	('Marion', 'Blick', '1981-03-30', 'f', '147', '57'),
	('Mozell', 'Emard', '1991-10-12', 'm', '82', '37'),
	('Leanne', 'Hettinger', '1987-06-26', 'f', '135', '155'),
	('Sarina', 'Stracke', '1981-01-31', 'm', '138', '226'),
	('Lolita', 'Glover', '1987-06-20', 'm', '150', '162'),
	('Yvonne', 'Trantow', '1998-01-20', 'm', '3', '205'),
	('Eudora', 'Stehr', '1987-04-28', 'm', '119', '154'),
	('Angel', 'Gerhold', '1970-02-25', 'f', '38', '51'),
	('Irving', 'Schoen', '1987-10-14', 'f', '67', '45'),
	('Brooks', 'Hamill', '1982-12-01', 'f', '122', '199'),
	('Gus', 'Russel', '1998-11-26', 'f', '65', '162'),
	('Casimer', 'Gutmann', '1987-04-24', 'f', '107', '230'),
	('Sandrine', 'Quigley', '1994-06-22', 'm', '131', '50'),
	('Peggie', 'Schinner', '1980-11-15', 'm', '134', '25'),
	('Rossie', 'Sanford', '1987-11-08', 'f', '9', '70'),
	('Jace', 'Kautzer', '1987-09-21', 'f', '136', '40'),
	('Sylvester', 'O\'Keefe', '1987-05-21', 'm', '126', '96'),
	('Tessie', 'Runolfsdottir', '1995-10-20', 'm', '124', '60'),
	('Rosemarie', 'Gutmann', '1970-06-17', 'f', '93', '77'),
	('Ari', 'Rath', '1992-04-06', 'm', '29', '68');

INSERT INTO title_cast_crew(title_id, role_id, people_id)
VALUES
	-- Directors
	('1', '3', '22'),
	('2', '3', '19'),
	('3', '3', '1'),
	('4', '3', '12'),
	('5', '3', '12'),
	('6', '3', '10'),
	('7', '3', '6'),
	('8', '3', '17'),
	('9', '3', '4'),
	('10', '3', '19'),
	('11', '3', '19'),
	('12', '3', '12'),
	('13', '3', '18'),
	('14', '3', '16'),
	('15', '3', '20'),
	('16', '3', '25'),
	('17', '3', '7'),
	('18', '3', '3'),
	('19', '3', '20'),
	('20', '3', '8'),
	('21', '3', '16'),
	('22', '3', '4'),
	('23', '3', '17'),
	('24', '3', '15'),
	('25', '3', '10'),
	('26', '3', '14'),
	('27', '3', '9'),
	('28', '3', '25'),
	('29', '3', '19'),
	('30', '3', '20'),
	('31', '3', '24'),
	('32', '3', '25'),
	('33', '3', '16'),
	('34', '3', '18'),
	('35', '3', '14'),
	('36', '3', '16'),
	('37', '3', '13'),
	('38', '3', '5'),
	('39', '3', '2'),
	('40', '3', '21'),
	('41', '3', '1'),
	('42', '3', '5'),
	('43', '3', '17'),
	('44', '3', '10'),
	('45', '3', '15'),
	('46', '3', '15'),
	('47', '3', '9'),
	('48', '3', '22'),
	('49', '3', '22'),
	('50', '3', '22'),
	('51', '3', '13'),
	('52', '3', '16'),
	('53', '3', '9'),
	('54', '3', '24'),
	('55', '3', '6'),
	('56', '3', '23'),
	('57', '3', '13'),
	('58', '3', '9'),
	('59', '3', '17'),
	('60', '3', '21'),
	('61', '3', '12'),
	('62', '3', '21'),
	('63', '3', '22'),
	('64', '3', '20'),
	('65', '3', '24'),
	('66', '3', '10'),
	('67', '3', '4'),
	('68', '3', '19'),
	('69', '3', '18'),
	('70', '3', '18'),
	('71', '3', '7'),
	('72', '3', '5'),
	('73', '3', '7'),
	('74', '3', '6'),
	('75', '3', '15'),
	('76', '3', '3'),
	('77', '3', '23'),
	('78', '3', '13'),
	('79', '3', '9'),
	('80', '3', '25'),
	('81', '3', '18'),
	('82', '3', '21'),
	('83', '3', '23'),
	('84', '3', '23'),
	('85', '3', '5'),
	('86', '3', '23'),
	('87', '3', '25'),
	('88', '3', '10'),
	('89', '3', '4'),
	('90', '3', '3'),
	('91', '3', '10'),
	('92', '3', '22'),
	('93', '3', '18'),
	('94', '3', '17'),
	('95', '3', '2'),
	('96', '3', '20'),
	('97', '3', '14'),
	('98', '3', '3'),
	('99', '3', '19'),
	('100', '3', '4'),
	-- Producers
	('1', '2', '41'),
	('2', '2', '27'),
	('3', '2', '26'),
	('4', '2', '25'),
	('5', '2', '43'),
	('6', '2', '39'),
	('7', '2', '39'),
	('8', '2', '40'),
	('9', '2', '43'),
	('10', '2', '23'),
	('11', '2', '43'),
	('12', '2', '35'),
	('13', '2', '38'),
	('14', '2', '28'),
	('15', '2', '29'),
	('16', '2', '26'),
	('17', '2', '38'),
	('18', '2', '34'),
	('19', '2', '34'),
	('20', '2', '34'),
	('21', '2', '42'),
	('22', '2', '41'),
	('23', '2', '36'),
	('24', '2', '22'),
	('25', '2', '40'),
	('26', '2', '30'),
	('27', '2', '33'),
	('28', '2', '32'),
	('29', '2', '28'),
	('30', '2', '29'),
	('31', '2', '34'),
	('32', '2', '40'),
	('33', '2', '33'),
	('34', '2', '34'),
	('35', '2', '24'),
	('36', '2', '26'),
	('37', '2', '42'),
	('38', '2', '44'),
	('39', '2', '37'),
	('40', '2', '26'),
	('41', '2', '35'),
	('42', '2', '39'),
	('43', '2', '30'),
	('44', '2', '42'),
	('45', '2', '35'),
	('46', '2', '31'),
	('47', '2', '28'),
	('48', '2', '22'),
	('49', '2', '35'),
	('50', '2', '43'),
	('51', '2', '38'),
	('52', '2', '34'),
	('53', '2', '32'),
	('54', '2', '26'),
	('55', '2', '42'),
	('56', '2', '36'),
	('57', '2', '22'),
	('58', '2', '20'),
	('59', '2', '33'),
	('60', '2', '31'),
	('61', '2', '45'),
	('62', '2', '33'),
	('63', '2', '36'),
	('64', '2', '45'),
	('65', '2', '32'),
	('66', '2', '31'),
	('67', '2', '25'),
	('68', '2', '23'),
	('69', '2', '29'),
	('70', '2', '43'),
	('71', '2', '39'),
	('72', '2', '21'),
	('73', '2', '28'),
	('74', '2', '27'),
	('75', '2', '35'),
	('76', '2', '20'),
	('77', '2', '20'),
	('78', '2', '29'),
	('79', '2', '32'),
	('80', '2', '27'),
	('81', '2', '30'),
	('82', '2', '31'),
	('83', '2', '45'),
	('84', '2', '33'),
	('85', '2', '23'),
	('86', '2', '25'),
	('87', '2', '21'),
	('88', '2', '22'),
	('89', '2', '35'),
	('90', '2', '40'),
	('91', '2', '24'),
	('92', '2', '34'),
	('93', '2', '37'),
	('94', '2', '28'),
	('95', '2', '36'),
	('96', '2', '35'),
	('97', '2', '41'),
	('98', '2', '38'),
	('99', '2', '38'),
	('100', '2', '28'),
	-- Writers
	('1', '4', '25'),
	('2', '4', '25'),
	('3', '4', '50'),
	('4', '4', '34'),
	('5', '4', '49'),
	('6', '4', '33'),
	('7', '4', '43'),
	('8', '4', '32'),
	('9', '4', '35'),
	('10', '4', '28'),
	('11', '4', '35'),
	('12', '4', '40'),
	('13', '4', '34'),
	('14', '4', '29'),
	('15', '4', '44'),
	('16', '4', '42'),
	('17', '4', '27'),
	('18', '4', '39'),
	('19', '4', '31'),
	('20', '4', '41'),
	('21', '4', '48'),
	('22', '4', '23'),
	('23', '4', '39'),
	('24', '4', '45'),
	('25', '4', '23'),
	('26', '4', '32'),
	('27', '4', '23'),
	('28', '4', '48'),
	('29', '4', '42'),
	('30', '4', '34'),
	('31', '4', '27'),
	('32', '4', '44'),
	('33', '4', '43'),
	('34', '4', '42'),
	('35', '4', '29'),
	('36', '4', '35'),
	('37', '4', '29'),
	('38', '4', '37'),
	('39', '4', '44'),
	('40', '4', '45'),
	('41', '4', '41'),
	('42', '4', '36'),
	('43', '4', '36'),
	('44', '4', '23'),
	('45', '4', '28'),
	('46', '4', '23'),
	('47', '4', '31'),
	('48', '4', '25'),
	('49', '4', '34'),
	('50', '4', '25'),
	('51', '4', '38'),
	('52', '4', '31'),
	('53', '4', '47'),
	('54', '4', '45'),
	('55', '4', '43'),
	('56', '4', '35'),
	('57', '4', '36'),
	('58', '4', '41'),
	('59', '4', '25'),
	('60', '4', '25'),
	('61', '4', '40'),
	('62', '4', '40'),
	('63', '4', '27'),
	('64', '4', '23'),
	('65', '4', '44'),
	('66', '4', '33'),
	('67', '4', '25'),
	('68', '4', '32'),
	('69', '4', '43'),
	('70', '4', '32'),
	('71', '4', '35'),
	('72', '4', '38'),
	('73', '4', '41'),
	('74', '4', '26'),
	('75', '4', '24'),
	('76', '4', '29'),
	('77', '4', '50'),
	('78', '4', '44'),
	('79', '4', '24'),
	('80', '4', '23'),
	('81', '4', '35'),
	('82', '4', '30'),
	('83', '4', '29'),
	('84', '4', '41'),
	('85', '4', '34'),
	('86', '4', '31'),
	('87', '4', '33'),
	('88', '4', '34'),
	('89', '4', '29'),
	('90', '4', '38'),
	('91', '4', '31'),
	('92', '4', '41'),
	('93', '4', '35'),
	('94', '4', '38'),
	('95', '4', '30'),
	('96', '4', '43'),
	('97', '4', '34'),
	('98', '4', '34'),
	('99', '4', '27'),
	('100', '4', '37'),
	-- Stars
	('1', '5', '59'),
	('2', '5', '46'),
	('3', '5', '42'),
	('4', '5', '97'),
	('5', '5', '42'),
	('6', '5', '87'),
	('7', '5', '60'),
	('8', '5', '87'),
	('9', '5', '86'),
	('10', '5', '81'),
	('11', '5', '51'),
	('12', '5', '71'),
	('13', '5', '65'),
	('14', '5', '43'),
	('15', '5', '81'),
	('16', '5', '98'),
	('17', '5', '97'),
	('18', '5', '42'),
	('19', '5', '87'),
	('20', '5', '83'),
	('21', '5', '78'),
	('22', '5', '44'),
	('23', '5', '55'),
	('24', '5', '66'),
	('25', '5', '50'),
	('26', '5', '79'),
	('27', '5', '45'),
	('28', '5', '74'),
	('29', '5', '71'),
	('30', '5', '73'),
	('31', '5', '84'),
	('32', '5', '53'),
	('33', '5', '73'),
	('34', '5', '80'),
	('35', '5', '94'),
	('36', '5', '81'),
	('37', '5', '84'),
	('38', '5', '50'),
	('39', '5', '52'),
	('40', '5', '88'),
	('41', '5', '83'),
	('42', '5', '58'),
	('43', '5', '97'),
	('44', '5', '61'),
	('45', '5', '59'),
	('46', '5', '75'),
	('47', '5', '47'),
	('48', '5', '93'),
	('49', '5', '99'),
	('50', '5', '87'),
	('51', '5', '91'),
	('52', '5', '43'),
	('53', '5', '92'),
	('54', '5', '100'),
	('55', '5', '73'),
	('56', '5', '95'),
	('57', '5', '72'),
	('58', '5', '48'),
	('59', '5', '81'),
	('60', '5', '76'),
	('61', '5', '59'),
	('62', '5', '50'),
	('63', '5', '96'),
	('64', '5', '59'),
	('65', '5', '69'),
	('66', '5', '66'),
	('67', '5', '100'),
	('68', '5', '68'),
	('69', '5', '90'),
	('70', '5', '55'),
	('71', '5', '41'),
	('72', '5', '61'),
	('73', '5', '45'),
	('74', '5', '42'),
	('75', '5', '77'),
	('76', '5', '97'),
	('77', '5', '97'),
	('78', '5', '90'),
	('79', '5', '56'),
	('80', '5', '99'),
	('81', '5', '52'),
	('82', '5', '66'),
	('83', '5', '56'),
	('84', '5', '52'),
	('85', '5', '54'),
	('86', '5', '95'),
	('87', '5', '92'),
	('88', '5', '84'),
	('89', '5', '69'),
	('90', '5', '50'),
	('91', '5', '72'),
	('92', '5', '84'),
	('93', '5', '63'),
	('94', '5', '51'),
	('95', '5', '81'),
	('96', '5', '46'),
	('97', '5', '40'),
	('98', '5', '88'),
	('99', '5', '72'),
	('100', '5', '94'),
	('59', '5', '71'),
	('2', '5', '48'),
	('99', '5', '89'),
	('89', '5', '100'),
	('34', '5', '74'),
	('63', '5', '90'),
	('83', '5', '70'),
	('22', '5', '54'),
	('62', '5', '93'),
	('12', '5', '72'),
	('41', '5', '78'),
	('97', '5', '88'),
	('91', '5', '86'),
	('5', '5', '97'),
	('6', '5', '92'),
	('82', '5', '65'),
	('20', '5', '55'),
	('29', '5', '46'),
	('69', '5', '73'),
	('14', '5', '93'),
	('84', '5', '73'),
	('23', '5', '85'),
	('77', '5', '79'),
	('7', '5', '96'),
	('87', '5', '72'),
	('38', '5', '48'),
	('20', '5', '54'),
	('99', '5', '85'),
	('18', '5', '91'),
	('14', '5', '52'),
	('41', '5', '96'),
	('41', '5', '42'),
	('72', '5', '54'),
	('59', '5', '41'),
	('35', '5', '96'),
	('18', '5', '64'),
	('73', '5', '94'),
	('11', '5', '71'),
	('58', '5', '97'),
	('80', '5', '62'),
	('78', '5', '99'),
	('29', '5', '87'),
	('1', '5', '48'),
	('9', '5', '44'),
	('9', '5', '66'),
	('8', '5', '65'),
	('53', '5', '42'),
	('83', '5', '48'),
	('74', '5', '89'),
	('84', '5', '70'),
	('53', '5', '90'),
	('35', '5', '87'),
	('29', '5', '56'),
	('24', '5', '98'),
	('52', '5', '97'),
	('71', '5', '50'),
	('51', '5', '93'),
	('22', '5', '67'),
	('1', '5', '75'),
	('62', '5', '76'),
	('18', '5', '50'),
	('30', '5', '80'),
	('95', '5', '65'),
	('28', '5', '65'),
	('40', '5', '83'),
	('15', '5', '89'),
	('80', '5', '61'),
	('88', '5', '40'),
	('79', '5', '99'),
	('26', '5', '88'),
	('83', '5', '66'),
	('93', '5', '79'),
	('46', '5', '80'),
	('27', '5', '66'),
	('13', '5', '62'),
	('44', '5', '66'),
	('39', '5', '71'),
	('20', '5', '82'),
	('94', '5', '98'),
	('83', '5', '85'),
	('3', '5', '91'),
	('80', '5', '50'),
	('6', '5', '73'),
	('63', '5', '82'),
	('78', '5', '95'),
	('82', '5', '40'),
	('87', '5', '59'),
	('24', '5', '90'),
	('1', '5', '84'),
	('14', '5', '74'),
	('88', '5', '56'),
	('96', '5', '46'),
	('5', '5', '96'),
	('85', '5', '87'),
	('31', '5', '94'),
	('59', '5', '74'),
	('94', '5', '85'),
	('11', '5', '47'),
	('73', '5', '52'),
	('9', '5', '97');


-- ----------------------------------- TITLES INFO, INFLUENCED BY USERS

INSERT INTO keywords
	(user_id, keyword)
VALUES
	('30', 'odio'),
	('42', 'libero'),
	('44', 'tempore'),
	('85', 'officiis'),
	('89', 'fugiat'),
	('7', 'aut'),
	('46', 'rerum'),
	('56', 'nemo'),
	('37', 'delectus'),
	('8', 'sequi'),
	('55', 'dignissimos'),
	('22', 'eligendi'),
	('35', 'nobis'),
	('86', 'neque'),
	('38', 'culpa'),
	('90', 'fuga'),
	('83', 'molestiae'),
	('97', 'quo'),
	('16', 'atque'),
	('62', 'in'),
	('28', 'autem'),
	('79', 'eveniet'),
	('62', 'est'),
	('28', 'dolore'),
	('58', 'non'),
	('59', 'asperiores'),
	('4', 'incidunt'),
	('76', 'quam'),
	('21', 'vel'),
	('98', 'at'),
	('50', 'et'),
	('52', 'ut'),
	('55', 'commodi'),
	('16', 'harum'),
	('81', 'veritatis'),
	('85', 'omnis'),
	('75', 'quia'),
	('77', 'id'),
	('41', 'excepturi'),
	('6', 'ea'),
	('64', 'natus'),
	('61', 'veniam'),
	('26', 'quisquam'),
	('29', 'enim'),
	('22', 'consequatur'),
	('14', 'repudiandae'),
	('28', 'nihil'),
	('59', 'quis'),
	('49', 'occaecati'),
	('26', 'dolorum');

INSERT INTO title_keyword(title_id, keyword_id, user_id) --    
VALUES
	('1', '1', '86'),
	('2', '2', '18'),
	('3', '3', '73'),
	('4', '4', '45'),
	('5', '5', '55'),
	('6', '6', '36'),
	('7', '7', '26'),
	('8', '8', '58'),
	('9', '9', '69'),
	('10', '10', '11'),
	('11', '11', '3'),
	('12', '12', '31'),
	('13', '13', '91'),
	('14', '14', '78'),
	('15', '15', '79'),
	('16', '16', '29'),
	('17', '17', '54'),
	('18', '18', '4'),
	('19', '19', '3'),
	('20', '20', '13'),
	('21', '21', '76'),
	('22', '22', '12'),
	('23', '23', '45'),
	('24', '24', '3'),
	('25', '25', '73'),
	('26', '26', '81'),
	('27', '27', '87'),
	('28', '28', '3'),
	('29', '29', '12'),
	('30', '30', '81'),
	('31', '31', '55'),
	('32', '32', '85'),
	('33', '33', '60'),
	('34', '34', '91'),
	('35', '35', '51'),
	('36', '36', '27'),
	('37', '37', '24'),
	('38', '38', '75'),
	('39', '39', '40'),
	('40', '40', '95'),
	('41', '41', '37'),
	('42', '42', '26'),
	('43', '43', '17'),
	('44', '44', '20'),
	('45', '45', '82'),
	('46', '46', '24'),
	('47', '47', '17'),
	('48', '48', '91'),
	('49', '49', '41'),
	('50', '50', '79'),
	('51', '1', '31'),
	('52', '2', '85'),
	('53', '3', '73'),
	('54', '4', '18'),
	('55', '5', '88'),
	('56', '6', '7'),
	('57', '7', '53'),
	('58', '8', '15'),
	('59', '9', '88'),
	('60', '10', '52'),
	('61', '11', '3'),
	('62', '12', '6'),
	('63', '13', '85'),
	('64', '14', '89'),
	('65', '15', '26'),
	('66', '16', '94'),
	('67', '17', '33'),
	('68', '18', '94'),
	('69', '19', '13'),
	('70', '20', '77'),
	('71', '21', '90'),
	('72', '22', '55'),
	('73', '23', '53'),
	('74', '24', '86'),
	('75', '25', '26'),
	('76', '26', '18'),
	('77', '27', '66'),
	('78', '28', '50'),
	('79', '29', '81'),
	('80', '30', '42'),
	('81', '31', '10'),
	('82', '32', '25'),
	('83', '33', '43'),
	('84', '34', '5'),
	('85', '35', '43'),
	('86', '36', '94'),
	('87', '37', '80'),
	('88', '38', '6'),
	('89', '39', '87'),
	('90', '40', '37'),
	('91', '41', '7'),
	('92', '42', '57'),
	('93', '43', '24'),
	('94', '44', '53'),
	('95', '45', '29'),
	('96', '46', '88'),
	('97', '47', '97'),
	('98', '48', '17'),
	('99', '49', '83'),
	('100', '50', '89');

INSERT INTO title_keyword(title_id, keyword_id, user_id, vote)
VALUES
	('1', '1', '21', 1),
	('2', '2', '52', 1),
	('3', '3', '94', 0),
	('4', '4', '72', 1),
	('5', '5', '88', 1),
	('6', '6', '64', 1),
	('7', '7', '11', 1),
	('8', '8', '5', 1),
	('9', '9', '56', 0),
	('10', '10', '42', 0),
	('11', '11', '50', 1),
	('12', '12', '86', 0),
	('13', '13', '9', 1),
	('14', '14', '76', 0),
	('15', '15', '51', 1),
	('16', '16', '70', 0),
	('17', '17', '2', 0),
	('18', '18', '6', 0),
	('19', '19', '56', 0),
	('20', '20', '66', 0),
	('21', '21', '11', 0),
	('22', '22', '76', 1),
	('23', '23', '96', 1),
	('24', '24', '49', 0),
	('25', '25', '51', 0),
	('26', '26', '56', 1),
	('27', '27', '5', 1),
	('28', '28', '89', 1),
	('29', '29', '19', 0),
	('30', '30', '78', 1),
	('31', '31', '57', 0),
	('32', '32', '93', 0),
	('33', '33', '4', 0),
	('34', '34', '67', 1),
	('35', '35', '48', 0),
	('36', '36', '65', 0),
	('37', '37', '53', 0),
	('38', '38', '1', 0),
	('39', '39', '26', 0),
	('40', '40', '23', 1),
	('41', '41', '43', 1),
	('42', '42', '91', 1),
	('43', '43', '81', 0),
	('44', '44', '12', 0),
	('45', '45', '51', 1),
	('46', '46', '51', 0),
	('47', '47', '57', 1),
	('48', '48', '73', 0),
	('49', '49', '20', 1),
	('50', '50', '6', 0),
	('51', '1', '29', 1),
	('52', '2', '19', 1),
	('53', '3', '86', 1),
	('54', '4', '34', 1),
	('55', '5', '96', 0),
	('56', '6', '23', 0),
	('57', '7', '91', 1),
	('58', '8', '93', 1),
	('59', '9', '32', 1),
	('60', '10', '30', 0),
	('61', '11', '73', 1),
	('62', '12', '85', 0),
	('63', '13', '88', 1),
	('64', '14', '79', 1),
	('65', '15', '97', 1),
	('66', '16', '79', 0),
	('67', '17', '3', 0),
	('68', '18', '17', 0),
	('69', '19', '9', 0),
	('70', '20', '8', 1),
	('71', '21', '25', 0),
	('72', '22', '44', 0),
	('73', '23', '10', 0),
	('74', '24', '70', 1),
	('75', '25', '94', 1),
	('76', '26', '38', 1),
	('77', '27', '93', 1),
	('78', '28', '65', 1),
	('79', '29', '99', 1),
	('80', '30', '5', 0),
	('81', '31', '27', 1),
	('82', '32', '48', 0),
	('83', '33', '67', 1),
	('84', '34', '81', 0),
	('85', '35', '26', 1),
	('86', '36', '5', 1),
	('87', '37', '16', 0),
	('88', '38', '55', 1),
	('89', '39', '45', 0),
	('90', '40', '24', 1),
	('91', '41', '28', 1),
	('92', '42', '39', 1),
	('93', '43', '6', 1),
	('94', '44', '66', 1),
	('95', '45', '6', 0),
	('96', '46', '48', 1),
	('97', '47', '13', 1),
	('98', '48', '84', 1),
	('99', '49', '5', 0),
	('100', '50', '9', 1);

INSERT INTO title_genre(title_id, genre_id, user_id) --  
VALUES
	('1', '1', '95'),
	('2', '2', '55'),
	('3', '3', '30'),
	('4', '4', '18'),
	('5', '5', '56'),
	('6', '6', '35'),
	('7', '7', '75'),
	('8', '8', '20'),
	('9', '9', '48'),
	('10', '10', '26'),
	('11', '11', '86'),
	('12', '12', '63'),
	('13', '13', '14'),
	('14', '14', '60'),
	('15', '15', '36'),
	('16', '16', '4'),
	('17', '17', '74'),
	('18', '18', '57'),
	('19', '19', '16'),
	('20', '20', '6'),
	('21', '21', '40'),
	('22', '22', '38'),
	('23', '1', '41'),
	('24', '2', '8'),
	('25', '3', '100'),
	('26', '4', '92'),
	('27', '5', '96'),
	('28', '6', '62'),
	('29', '7', '3'),
	('30', '8', '11'),
	('31', '9', '32'),
	('32', '10', '68'),
	('33', '11', '59'),
	('34', '12', '23'),
	('35', '13', '34'),
	('36', '14', '88'),
	('37', '15', '27'),
	('38', '16', '50'),
	('39', '17', '65'),
	('40', '18', '44'),
	('41', '19', '51'),
	('42', '20', '83'),
	('43', '21', 1),
	('44', '22', '94'),
	('45', '1', '67'),
	('46', '2', '31'),
	('47', '3', '42'),
	('48', '4', '2'),
	('49', '5', '91'),
	('50', '6', '17'),
	('51', '7', '81'),
	('52', '8', '24'),
	('53', '9', '25'),
	('54', '10', '52'),
	('55', '11', '99'),
	('56', '12', '12'),
	('57', '13', '90'),
	('58', '14', '73'),
	('59', '15', '5'),
	('60', '16', '28'),
	('61', '17', '76'),
	('62', '18', '43'),
	('63', '19', '84'),
	('64', '20', '71'),
	('65', '21', '39'),
	('66', '22', '58'),
	('67', '1', '87'),
	('68', '2', '93'),
	('69', '3', '9'),
	('70', '4', '85'),
	('71', '5', '80'),
	('72', '6', '64'),
	('73', '7', '78'),
	('74', '8', '89'),
	('75', '9', '79'),
	('76', '10', '7'),
	('77', '11', '21'),
	('78', '12', '19'),
	('79', '13', '33'),
	('80', '14', '77'),
	('81', '15', '45'),
	('82', '16', '54'),
	('83', '17', '97'),
	('84', '18', '46'),
	('85', '19', '37'),
	('86', '20', '70'),
	('87', '21', '53'),
	('88', '22', '66'),
	('89', '1', '13'),
	('90', '2', '10'),
	('91', '3', '82'),
	('92', '4', '72'),
	('93', '5', '69'),
	('94', '6', '47'),
	('95', '7', '61'),
	('96', '8', '22'),
	('97', '9', '15'),
	('98', '10', '98'),
	('99', '11', '49'),
	('100', '12', '29');

INSERT INTO title_genre(title_id, genre_id, user_id, vote) --   
VALUES
	('1', '1', '4', 1),
	('2', '2', '27', 0),
	('3', '3', '6', 0),
	('4', '4', '57', 0),
	('5', '5', '33', 1),
	('6', '6', '59', 1),
	('7', '7', '26', 0),
	('8', '8', '25', 1),
	('9', '9', '85', 1),
	('10', '10', '44', 1),
	('11', '11', '24', 1),
	('12', '12', '3', 1),
	('13', '13', '28', 1),
	('14', '14', '37', 0),
	('15', '15', '87', 0),
	('16', '16', '11', 1),
	('17', '17', '30', 0),
	('18', '18', '64', 0),
	('19', '19', '31', 0),
	('20', '20', '100', 0),
	('21', '21', '82', 0),
	('22', '22', '42', 1),
	('23', '1', '80', 1),
	('24', '2', '71', 1),
	('25', '3', '52', 1),
	('26', '4', '38', 1),
	('27', '5', '65', 0),
	('28', '6', '18', 0),
	('29', '7', '51', 0),
	('30', '8', '45', 0),
	('31', '9', '75', 1),
	('32', '10', '40', 0),
	('33', '11', '54', 0),
	('34', '12', '23', 0),
	('35', '13', '68', 1),
	('36', '14', '60', 1),
	('37', '15', '43', 0),
	('38', '16', '48', 0),
	('39', '17', '69', 1),
	('40', '18', '95', 0),
	('41', '19', '20', 0),
	('42', '20', '73', 0),
	('43', '21', '86', 0),
	('44', '22', '32', 1),
	('45', '1', '90', 1),
	('46', '2', '8', 1),
	('47', '3', '88', 0),
	('48', '4', '61', 0),
	('49', '5', '58', 0),
	('50', '6', '2', 0),
	('51', '7', '22', 0),
	('52', '8', '94', 1),
	('53', '9', '5', 1),
	('54', '10', '72', 1),
	('55', '11', '36', 0),
	('56', '12', '41', 1),
	('57', '13', '70', 0),
	('58', '14', '49', 1),
	('59', '15', '66', 0),
	('60', '16', '83', 1),
	('61', '17', '9', 0),
	('62', '18', '29', 1),
	('63', '19', '15', 1),
	('64', '20', '16', 0),
	('65', '21', '89', 0),
	('66', '22', '92', 1),
	('67', '1', '13', 0),
	('68', '2', '7', 0),
	('69', '3', '81', 1),
	('70', '4', '1', 1),
	('71', '5', '62', 1),
	('72', '6', '99', 1),
	('73', '7', '55', 1),
	('74', '8', '17', 1),
	('75', '9', '77', 0),
	('76', '10', '10', 1),
	('77', '11', '96', 1),
	('78', '12', '50', 1),
	('79', '13', '35', 0),
	('80', '14', '21', 0),
	('81', '15', '56', 1),
	('82', '16', '34', 1),
	('83', '17', '98', 1),
	('84', '18', '53', 0),
	('85', '19', '74', 0),
	('86', '20', '14', 1),
	('87', '21', '19', 0),
	('88', '22', '46', 0),
	('89', '1', '91', 0),
	('90', '2', '47', 0),
	('91', '3', '78', 0),
	('92', '4', '79', 1),
	('93', '5', '12', 1),
	('94', '6', '39', 1),
	('95', '7', '63', 0),
	('96', '8', '97', 0),
	('97', '9', '84', 1),
	('98', '10', '67', 0),
	('99', '11', '76', 1),
	('100', '12', '93', 1);

INSERT INTO rating
	(title_id, user_id, rating) -- 300
VALUES
	('91', '97', '10'),
	('55', '10', '2'),
	('1', '66', '6'),
	('43', '2', '5'),
	('87', '39', '3'),
	('8', '78', '9'),
	('93', '92', '10'),
	('91', '61', '10'),
	('76', '34', '10'),
	('90', '15', 1),
	('87', '43', '3'),
	('89', '32', '9'),
	('76', '20', '6'),
	('51', '2', '4'),
	('15', '34', '6'),
	('92', '23', '8'),
	('49', '62', '4'),
	('75', '85', '8'),
	('42', '5', '10'),
	('8', '2', '7'),
	('71', '98', '3'),
	('76', '11', '4'),
	('56', '78', '4'),
	('15', '57', '9'),
	('99', '68', '4'),
	('15', '46', '2'),
	('10', '20', '3'),
	('8', '95', '3'),
	('99', '94', '8'),
	('32', '84', '2'),
	('83', '81', 1),
	('8', '65', '2'),
	('8', '39', '5'),
	('89', '89', 1),
	('21', '32', '8'),
	('88', '85', '3'),
	('4', '14', '9'),
	('26', '6', '2'),
	('77', '26', '10'),
	('36', '82', 1),
	('18', '9', '8'),
	('25', '92', '3'),
	('31', '55', '4'),
	('7', '82', '10'),
	('62', '50', '4'),
	('43', '50', '9'),
	('30', '64', '5'),
	('25', '45', '5'),
	('53', '72', '4'),
	('39', '94', '8'),
	('21', '99', '8'),
	('47', '2', 1),
	('9', '88', '7'),
	('14', '30', '3'),
	('67', '53', '7'),
	('44', '29', '3'),
	('41', '83', '6'),
	('70', '36', '8'),
	('36', '34', '10'),
	('72', '62', '3'),
	('89', '20', '9'),
	('29', '55', 1),
	('100', '25', '7'),
	('91', '95', 1),
	('88', '61', 1),
	('98', '11', '5'),
	('72', '36', '9'),
	('7', '88', '8'),
	('11', '94', '2'),
	('90', '89', '6'),
	('87', '44', '6'),
	('14', '12', '8'),
	('35', '90', '3'),
	('69', '36', 1),
	('55', '26', '2'),
	('80', '73', '3'),
	('74', '82', '3'),
	('56', '3', '4'),
	('18', '47', '3'),
	('35', '81', '4'),
	('14', '20', '5'),
	('74', '79', '2'),
	('16', '19', '4'),
	('16', '30', '3'),
	('38', '96', 1),
	('20', '26', '4'),
	('56', '26', '8'),
	('9', '64', '8'),
	('83', '43', '3'),
	('73', '73', '6'),
	('37', '9', '5'),
	('51', '87', '2'),
	('92', '83', '10'),
	('30', '60', '7'),
	('51', '54', '2'),
	('59', '13', '6'),
	('93', '82', '2'),
	('59', '5', '5'),
	('38', '46', '4'),
	('53', '44', '9'),
	('29', '80', '7'),
	('71', '59', '6'),
	('14', '99', '7'),
	('87', '49', '10'),
	('7', '67', '6'),
	('91', '39', '7'),
	('27', '16', '9'),
	('78', '85', '3'),
	('59', '21', '10'),
	('64', '36', '7'),
	('73', '39', '7'),
	('7', '86', '4'),
	('98', '97', '7'),
	('41', '46', '5'),
	('68', '83', '3'),
	('89', '51', '3'),
	('69', '6', '3'),
	('57', '44', '4'),
	('12', '81', '3'),
	('56', '80', '9'),
	('80', '14', '8'),
	('22', '96', '9'),
	('16', '51', '5'),
	('2', '93', '2'),
	('13', '39', '9'),
	('47', '32', '7'),
	('14', '72', '2'),
	('52', '7', '10'),
	('32', '68', '2'),
	('3', '26', '2'),
	('70', '12', 1),
	('26', '26', '3'),
	('23', '39', '5'),
	('100', '46', '4'),
	('20', '54', '7'),
	('89', '48', '3'),
	('68', '45', '9'),
	('95', '8', '4'),
	('41', '59', '3'),
	('25', '16', '8'),
	('14', '57', '5'),
	('24', '66', '3'),
	('11', '19', '3'),
	('37', '43', '5'),
	('67', '23', '2'),
	('70', '8', '8'),
	('10', '86', '3'),
	('85', '44', 1),
	('40', '17', '3'),
	('26', '88', '7'),
	('19', '100', '6'),
	('71', '59', '3'),
	('40', '19', '8'),
	('49', '72', '5'),
	('22', '85', '10'),
	('44', '26', '9'),
	('59', '90', '6'),
	('20', '77', 1),
	('70', '79', '10'),
	('60', '82', '2'),
	('47', '80', '2'),
	('6', '41', '9'),
	('70', '62', '4'),
	('10', '55', '8'),
	('38', '37', '4'),
	('8', '2', '8'),
	('44', '87', '7'),
	('26', '11', '6'),
	('68', '12', 1),
	('75', '41', '4'),
	('84', '13', '4'),
	('69', '23', '3'),
	('86', '78', '7'),
	('98', '87', '6'),
	('78', '9', '5'),
	('94', '75', '4'),
	('33', '56', '6'),
	('9', '12', '6'),
	('69', '88', '10'),
	('91', '28', 1),
	('46', '30', '10'),
	('71', '22', '2'),
	('30', '23', '9'),
	('6', '94', '10'),
	('46', '66', '6'),
	('98', '87', '5'),
	('81', '8', '3'),
	('41', '19', '4'),
	('29', '44', '4'),
	('91', '100', '4'),
	('51', '48', '8'),
	('88', '88', '6'),
	('15', '40', '2'),
	('99', '92', '4'),
	('70', '82', '7'),
	('32', '45', '5'),
	('47', '30', '5'),
	('40', '7', 1),
	('78', '12', '10'),
	('79', '37', '5'),
	('47', '27', '5'),
	('91', '24', '10'),
	('53', '63', '9'),
	('65', '49', '7'),
	('99', '91', '4'),
	('84', '99', '7'),
	('35', '33', '8'),
	('81', '41', '2'),
	('55', '84', '5'),
	('38', '84', '4'),
	('13', '50', '8'),
	('69', '69', '9'),
	('36', '38', 1),
	('60', '24', '4'),
	('44', '58', '8'),
	('8', '62', '7'),
	('53', '61', 1),
	('56', '41', '2'),
	('17', '40', '9'),
	('21', '92', '9'),
	('35', '84', '5'),
	('6', '38', '9'),
	('36', '92', '5'),
	('7', '62', '6'),
	('62', '34', '3'),
	('10', '32', 1),
	('80', '87', '9'),
	('13', '91', '5'),
	('40', '16', '7'),
	('4', '15', '8'),
	('80', '66', '3'),
	('79', '97', 1),
	('32', '84', '9'),
	('18', '58', '7'),
	('68', '13', 1),
	('9', '93', 1),
	('60', '98', '10'),
	('9', '41', '2'),
	('93', '11', '5'),
	('15', '41', '7'),
	('49', '58', '5'),
	('99', '61', 1),
	('41', '4', '8'),
	('77', '71', '10'),
	('95', '93', '2'),
	('93', '25', '8'),
	('38', '63', '10'),
	('98', '58', '8'),
	('31', '85', '10'),
	('74', '11', '10'),
	('9', '11', '6'),
	('46', '46', '5'),
	('29', '78', '10'),
	('56', '88', 1),
	('61', '42', '7'),
	('44', '19', '2'),
	('31', '82', '5'),
	('59', '6', '10'),
	('31', '64', 1),
	('81', '39', '9'),
	('45', '13', 1),
	('88', '88', '10'),
	('59', '27', '3'),
	('4', '81', '8'),
	('48', '23', '9'),
	('32', '2', '4'),
	('80', '22', 1),
	('27', '13', '6'),
	('26', '19', '5'),
	('57', '72', '7'),
	('38', '87', '7'),
	('55', '97', '3'),
	('49', '6', '3'),
	('83', '55', 1),
	('40', '84', '6'),
	('8', '28', '7'),
	('9', '100', '7'),
	('76', '90', '2'),
	('50', '28', '2'),
	('28', '7', '10'),
	('31', '79', '8'),
	('97', '45', '9'),
	('45', '95', '5'),
	('40', '3', '3'),
	('81', '77', '4'),
	('100', '85', '9'),
	('43', '98', '7'),
	('59', '29', '4'),
	('39', '74', '8'),
	('22', '72', '3'),
	('28', '1', '5'),
	('4', '80', '9'),
	('94', '8', '2'),
	('2', '91', '8'),
	('71', '6', '9'),
	('56', '35', '8'),
	('88', '73', '2'),
	('85', '46', '2'),
	('87', '18', '5'),
	('21', '9', '2');

INSERT INTO reviews(title_id, user_id, body, is_positive) -- 35
VALUES
	('17', '37',
	 'Et voluptates porro deleniti voluptatem voluptatum. Nisi aliquid atque magnam molestiae. Sequi dicta cumque ad quisquam iusto expedita quia. Molestiae nesciunt nihil nemo illum qui maxime sequi. Ut dolor illo amet quaerat autem.',
	 1),
	('45', '22',
	 'Ut consequuntur error veniam molestiae dolorem. Quasi et molestias ea ut minima deleniti. Consectetur ipsa ea commodi. Est officiis beatae minus.',
	 0),
	('30', '100',
	 'Perspiciatis vel minima alias totam et maiores animi id. Odit consequatur autem et incidunt iste. Ab beatae id voluptatibus sequi. Et sit ut sint incidunt. A dolorem ratione qui possimus modi esse eum.',
	 1),
	('96', '59',
	 'Et reprehenderit minima ea velit quia animi esse. Ducimus qui aut quasi est. Labore ab voluptas fuga esse aut. Ex beatae quia optio distinctio.',
	 0),
	('74', '58',
	 'Deserunt eos est voluptas aliquam. Dolore cupiditate occaecati aut quis et consectetur. Cum qui qui veritatis nobis dolores a dignissimos. Et et aut corrupti vel illo quod ullam.',
	 1),
	('96', '74',
	 'Enim iste illo iure labore ut. Animi optio at consequatur veritatis. Sed dolores voluptatem et. Natus nobis maxime suscipit autem harum.',
	 0),
	('88', '26',
	 'Laboriosam voluptate unde sunt rerum sapiente sunt. Dolores qui corrupti odit odio quia amet. Natus ipsam est dolorem magnam atque. Excepturi at illum est nostrum.',
	 0),
	('74', '47',
	 'Non aut ipsum magnam. Omnis necessitatibus neque non. Quas minus ex cum eos aut quibusdam reiciendis voluptatem. Facilis qui dolores tempora aliquid qui.',
	 1),
	('7', '30',
	 'Voluptas qui eaque ut vel. Maxime magnam ipsum similique vitae praesentium atque. Tenetur consequatur eaque nulla saepe. Ipsa possimus libero non voluptate qui ratione.',
	 0),
	('81', '34',
	 'Et vel sed labore dolores magnam magnam. Totam assumenda sunt rem officia molestias ut. Tenetur necessitatibus sunt qui non.',
	 1),
	('20', '64',
	 'Voluptatem non eligendi sed tempore culpa. Aut dolor ipsam libero. Quis porro eum inventore saepe veritatis eum. Incidunt minus laborum enim dolores vero odit. Et voluptates et esse.',
	 0),
	('18', '18',
	 'Eum tempore veniam totam ad sint rerum quaerat. Non molestiae consequatur voluptatem exercitationem expedita.',
	 1),
	('2', '16',
	 'Consequatur quam voluptatem dolorem earum maxime commodi. Animi animi inventore sed rerum ut velit. Mollitia vel doloribus laudantium consequatur.',
	 0),
	('85', '92', 'Ut nam et doloribus velit earum sint iure. Dicta consequatur aut id ab error.', 0),
	('12', '57',
	 'Ut facere ut et consequuntur accusamus pariatur. Sed ut repellat optio nihil accusantium iste optio. Laboriosam temporibus eveniet laborum necessitatibus minima aut.',
	 1),
	('98', '68',
	 'Repellat quia dolorem quae recusandae. Nihil nesciunt rem placeat illum eos. Rerum vel iusto et ducimus libero. Amet corporis odio possimus nisi nobis.',
	 0),
	('42', '25',
	 'Fugiat dignissimos et nihil voluptas nisi impedit consequatur blanditiis. Assumenda eum iste deserunt nulla ab quo explicabo. Ipsum mollitia illo non corrupti modi. Voluptatem nulla alias ut dolores.',
	 1),
	('56', '36',
	 'Debitis accusantium nesciunt esse. Sit at enim qui. Dolor accusamus temporibus vero eos facilis officiis perspiciatis. Aperiam doloremque asperiores laborum ea suscipit delectus.',
	 1),
	('100', '93',
	 'Inventore ea cum dolorem voluptatem quas facere. Adipisci quas quia maiores impedit porro maxime. Ab voluptatibus ipsum incidunt architecto ut quibusdam.',
	 0),
	('17', '18',
	 'Placeat soluta consequatur et est veritatis qui. Necessitatibus atque odit non ad officia aut ut fuga. Accusantium vel sed et modi placeat quas maxime.',
	 1),
	('68', '25',
	 'Explicabo veniam quia error distinctio odit sit porro. Ex numquam fugiat aut quasi et incidunt. Impedit rerum omnis et accusamus dolore sint. Fugiat soluta ullam illo quam quae.',
	 1),
	('66', '17',
	 'Consequuntur dolores rerum necessitatibus similique. Alias exercitationem libero quis ad quod distinctio. Quasi dolore repellendus quae consequatur et perferendis. Eos aut minima qui quas neque nostrum voluptate numquam.',
	 0),
	('67', '5',
	 'Dolore in provident recusandae natus dolorem. Aspernatur nam veritatis ut dolorem. Sit qui aspernatur distinctio et at consequatur at. Quaerat in est sunt similique dolores.',
	 1),
	('55', '32',
	 'Ea vero libero vel reiciendis blanditiis. Omnis eos numquam odio quia repudiandae qui optio. Provident et aperiam necessitatibus nostrum libero. Qui mollitia recusandae eius consequuntur recusandae maxime.',
	 0),
	('43', '44', 'Non dolor aut et et. Et repellendus nam ex nam quia maxime.', 1),
	('11', '66',
	 'Expedita quas aliquid aut exercitationem alias. Similique soluta dolor placeat magnam similique iusto. Id saepe rerum recusandae vero dolorem cum vel. Consequuntur quam ad est alias temporibus et autem.',
	 1),
	('32', '50',
	 'Quibusdam nihil at sequi quis. Tempore ex aperiam sit ratione optio sit deserunt error. Quod nostrum quas non nemo.',
	 0),
	('98', '62',
	 'Dolorem ratione est perferendis. Amet nesciunt voluptates vel sit voluptas expedita. Impedit reiciendis non voluptatem aut iusto est.',
	 1),
	('80', '86', 'Distinctio consectetur doloremque veritatis ex vitae error ut quasi. Quam iste vel natus qui nobis.',
	 1),
	('78', '40',
	 'Distinctio incidunt natus vel illum. Voluptas pariatur et sequi ipsa tempore consectetur ut. Quam ut in in deleniti.',
	 1),
	('16', '56',
	 'Optio ipsam non molestiae perspiciatis illo. Illum aut dolores fuga voluptatem aut sint aperiam. Aliquid inventore eveniet eligendi dolorum et. Et vero assumenda deserunt reiciendis sint.',
	 0),
	('65', '5',
	 'Vel quo tempora voluptas labore. In laborum minima sit recusandae fugiat. Aut culpa voluptatem rem fugiat saepe iusto.',
	 0),
	('35', '63',
	 'Veniam cupiditate nam quibusdam sapiente reiciendis est animi ullam. Quia unde qui est. Tenetur voluptatem ex molestiae illo libero harum. Alias aspernatur quidem illum.',
	 0),
	('45', '29', 'Expedita consequatur architecto exercitationem veniam omnis. Nemo reprehenderit ut autem.', 0),
	('65', '52',
	 'Eaque dolores et sed quia. Praesentium non accusantium aut et iure aspernatur quasi similique. Culpa omnis reiciendis vitae modi occaecati rerum delectus.',
	 0);

INSERT INTO review_votes(review_id, user_id, vote)
VALUES
	('1', '1', 0),
	('2', '2', 1),
	('3', '3', 0),
	('4', '4', 0),
	('5', '5', 1),
	('6', '6', 1),
	('7', '7', 0),
	('8', '8', 1),
	('9', '9', 0),
	('10', '10', 0),
	('11', '11', 0),
	('12', '12', 0),
	('13', '13', 0),
	('14', '14', 1),
	('15', '15', 0),
	('16', '16', 0),
	('17', '17', 0),
	('18', '18', 0),
	('19', '19', 0),
	('20', '20', 0),
	('21', '21', 0),
	('22', '22', 0),
	('23', '23', 0),
	('24', '24', 1),
	('25', '25', 1),
	('26', '26', 1),
	('27', '27', 0),
	('28', '28', 0),
	('29', '29', 0),
	('30', '30', 0),
	('31', '31', 0),
	('32', '32', 0),
	('33', '33', 0),
	('34', '34', 1),
	('35', '35', 0),
	('1', '36', 0),
	('2', '37', 0),
	('3', '38', 1),
	('4', '39', 1),
	('5', '40', 0),
	('6', '41', 1),
	('7', '42', 0),
	('8', '43', 0),
	('9', '44', 0),
	('10', '45', 0),
	('11', '46', 1),
	('12', '47', 0),
	('13', '48', 1),
	('14', '49', 1),
	('15', '50', 1),
	('16', '51', 0),
	('17', '52', 1),
	('18', '53', 0),
	('19', '54', 1),
	('20', '55', 1),
	('21', '56', 0),
	('22', '57', 1),
	('23', '58', 1),
	('24', '59', 0),
	('25', '60', 0),
	('26', '61', 1),
	('27', '62', 1),
	('28', '63', 0),
	('29', '64', 1),
	('30', '65', 1),
	('31', '66', 1),
	('32', '67', 0),
	('33', '68', 1),
	('34', '69', 1),
	('35', '70', 0),
	('1', '71', 0),
	('2', '72', 0),
	('3', '73', 1),
	('4', '74', 0),
	('5', '75', 0),
	('6', '76', 1),
	('7', '77', 1),
	('8', '78', 0),
	('9', '79', 1),
	('10', '80', 0),
	('11', '81', 0),
	('12', '82', 1),
	('13', '83', 0),
	('14', '84', 0),
	('15', '85', 1),
	('16', '86', 1),
	('17', '87', 1),
	('18', '88', 1),
	('19', '89', 1),
	('20', '90', 0),
	('21', '91', 0),
	('22', '92', 0),
	('23', '93', 1),
	('24', '94', 0),
	('25', '95', 0),
	('26', '96', 0),
	('27', '97', 1),
	('28', '98', 1),
	('29', '99', 1),
	('30', '100', 1);


-- ----------------------------------- LISTS

INSERT INTO watchlist(title_id, user_id, is_seen) -- 100
VALUES
	('72', '30', 0),
	('81', '61', 0),
	('58', '30', 1),
	('89', '86', 1),
	('17', '71', 0),
	('80', '55', 0),
	('62', '98', 0),
	('2', '2', 0),
	('21', '86', 1),
	('42', '13', 1),
	('90', '23', 1),
	('68', '18', 0),
	('37', '61', 0),
	('32', '5', 1),
	('58', '41', 0),
	('61', '43', 1),
	('84', '2', 0),
	('25', '87', 1),
	('34', '41', 0),
	('23', '2', 1),
	('31', '19', 0),
	('80', '35', 0),
	('96', '52', 1),
	('19', '87', 0),
	('77', '47', 0),
	('29', '93', 0),
	('8', '78', 0),
	('26', '55', 1),
	('54', '87', 1),
	('9', '55', 1),
	('13', '18', 0),
	('64', '28', 0),
	('87', '5', 1),
	('52', '29', 1),
	('5', '72', 1),
	('77', '1', 0),
	('66', '72', 1),
	('90', '85', 1),
	('28', '82', 0),
	('29', '5', 0),
	('53', '99', 0),
	('85', '5', 0),
	('2', '52', 1),
	('29', '17', 0),
	('62', '21', 0),
	('30', '81', 0),
	('1', '32', 0),
	('92', '74', 1),
	('34', '95', 1),
	('80', '39', 0),
	('45', '26', 1),
	('63', '78', 0),
	('13', '31', 1),
	('38', '31', 0),
	('98', '17', 1),
	('55', '9', 1),
	('63', '65', 1),
	('66', '71', 1),
	('94', '60', 1),
	('63', '47', 1),
	('92', '11', 1),
	('62', '90', 0),
	('30', '51', 1),
	('81', '50', 0),
	('81', '22', 0),
	('90', '59', 1),
	('11', '21', 0),
	('45', '26', 1),
	('43', '93', 0),
	('54', '65', 0),
	('37', '67', 1),
	('65', '67', 1),
	('28', '6', 1),
	('47', '39', 0),
	('21', '84', 1),
	('2', '77', 0),
	('41', '31', 0),
	('27', '51', 0),
	('21', '1', 0),
	('41', '83', 1),
	('92', '36', 1),
	('78', '81', 1),
	('27', '57', 1),
	('24', '5', 1),
	('5', '14', 1),
	('22', '15', 1),
	('67', '45', 0),
	('13', '2', 1),
	('91', '35', 1),
	('99', '68', 1),
	('67', '83', 0),
	('9', '41', 0),
	('84', '13', 0),
	('100', '54', 1),
	('72', '17', 0),
	('27', '46', 1),
	('53', '25', 0),
	('31', '89', 1),
	('47', '15', 0),
	('54', '38', 0);

INSERT INTO user_lists(user_id, list_name, description, is_private) -- 45
VALUES
	('1', 'Cruickshank and Sons', 'Persevering mission-critical moderator', 0),
	('32', 'Trantow-Harvey', 'Synergistic regional capacity', 1),
	('60', 'Kuhn, Zboncak and Rippin', 'Virtual holistic emulation', 1),
	('64', 'Gleason and Sons', 'Re-engineered optimizing frame', 0),
	('51', 'Lehner Inc', 'Switchable heuristic synergy', 1),
	('47', 'Haag-Kutch', 'Grass-roots hybrid flexibility', 1),
	('4', 'Schneider Group', 'Switchable incremental synergy', 1),
	('7', 'Cormier-Abernathy', 'Switchable client-server throughput', 0),
	('8', 'McDermott, Buckridge and Skiles', 'Mandatory 5thgeneration opensystem', 0),
	('33', 'Ankunding, Roberts and Langworth', 'Robust real-time solution', 1),
	('34', 'Vandervort-Schinner', 'Fundamental secondary help-desk', 0),
	('93', 'Beer-Botsford', 'Multi-lateral uniform archive', 1),
	('20', 'Zieme, Langworth and Ward', 'Multi-channelled attitude-oriented internetsolution', 0),
	('25', 'Erdman-Lockman', 'Switchable well-modulated groupware', 0),
	('79', 'Dietrich-Collins', 'Horizontal content-based database', 0),
	('57', 'Bartoletti and Sons', 'Automated neutral intranet', 1),
	('90', 'Corwin PLC', 'Profit-focused content-based solution', 0),
	('70', 'Turner-Heidenreich', 'Mandatory secondary neural-net', 0),
	('9', 'Connelly and Sons', 'Configurable national neural-net', 1),
	('36', 'Kris LLC', 'Quality-focused composite productivity', 0),
	('89', 'Anderson, Schneider and McClure', 'Exclusive attitude-oriented attitude', 1),
	('44', 'Von-Hartmann', 'Assimilated didactic strategy', 1),
	('1', 'Aufderhar PLC', 'Persistent secondary strategy', 0),
	('17', 'Abbott, Smitham and Bashirian', 'Seamless disintermediate infrastructure', 1),
	('58', 'Boyle-Powlowski', 'Realigned mission-critical portal', 1),
	('19', 'Ryan, Walsh and Satterfield', 'Multi-tiered 24/7 attitude', 0),
	('6', 'Hyatt, Leannon and Pfeffer', 'Digitized context-sensitive solution', 1),
	('5', 'Ferry-Lakin', 'Devolved holistic structure', 1),
	('15', 'Turcotte, Padberg and Runte', 'Facetoface neutral access', 1),
	('13', 'Kunze Group', 'Quality-focused bandwidth-monitored data-warehouse', 1),
	('18', 'Breitenberg, Abbott and Ledner', 'Synchronised uniform knowledgebase', 0),
	('4', 'Murray-Schuster', 'Exclusive human-resource forecast', 1),
	('11', 'Schroeder-Jaskolski', 'Team-oriented 5thgeneration circuit', 1),
	('12', 'Dooley-Harber', 'De-engineered incremental approach', 0),
	('6', 'Schuster, Paucek and Waters', 'Networked well-modulated analyzer', 0),
	('9', 'Hessel-Rowe', 'Distributed analyzing moratorium', 1),
	('6', 'Kassulke-Blanda', 'Profit-focused 24/7 extranet', 1),
	('3', 'Glover, McLaughlin and Hegmann', 'Stand-alone optimal support', 0),
	('2', 'Deckow and Sons', 'Quality-focused static challenge', 0),
	('8', 'Spinka Group', 'Universal even-keeled productivity', 1),
	('5', 'Wilderman-Hammes', 'Synchronised encompassing service-desk', 0),
	('4', 'Becker, Kuhic and Boyle', 'Re-contextualized discrete framework', 1),
	('7', 'Sipes Ltd', 'Ergonomic asynchronous matrices', 1),
	('4', 'Braun-Crist', 'Organized regional utilisation', 1),
	('3', 'Dietrich, Blick and Hayes', 'Multi-tiered clear-thinking opensystem', 1);

INSERT INTO user_list_items(id, list_id, title_id)
VALUES
	('1', '1', '1'),
	('2', '2', '2'),
	('3', '3', '3'),
	('4', '4', '4'),
	('5', '5', '5'),
	('6', '6', '6'),
	('7', '7', '7'),
	('8', '8', '8'),
	('9', '9', '9'),
	('10', '10', '10'),
	('11', '11', '11'),
	('12', '12', '12'),
	('13', '13', '13'),
	('14', '14', '14'),
	('15', '15', '15'),
	('16', '16', '16'),
	('17', '17', '17'),
	('18', '18', '18'),
	('19', '19', '19'),
	('20', '20', '20'),
	('21', '21', '21'),
	('22', '22', '22'),
	('23', '23', '23'),
	('24', '24', '24'),
	('25', '25', '25'),
	('26', '26', '26'),
	('27', '27', '27'),
	('28', '28', '28'),
	('29', '29', '29'),
	('30', '30', '30'),
	('31', '31', '31'),
	('32', '32', '32'),
	('33', '33', '33'),
	('34', '34', '34'),
	('35', '35', '35'),
	('36', '36', '36'),
	('37', '37', '37'),
	('38', '38', '38'),
	('39', '39', '39'),
	('40', '40', '40'),
	('41', '41', '41'),
	('42', '42', '42'),
	('43', '43', '43'),
	('44', '44', '44'),
	('45', '45', '45'),
	('46', '1', '46'),
	('47', '2', '47'),
	('48', '3', '48'),
	('49', '4', '49'),
	('50', '5', '50'),
	('51', '6', '51'),
	('52', '7', '52'),
	('53', '8', '53'),
	('54', '9', '54'),
	('55', '10', '55'),
	('56', '11', '56'),
	('57', '12', '57'),
	('58', '13', '58'),
	('59', '14', '59'),
	('60', '15', '60'),
	('61', '16', '61'),
	('62', '17', '62'),
	('63', '18', '63'),
	('64', '19', '64'),
	('65', '20', '65'),
	('66', '21', '66'),
	('67', '22', '67'),
	('68', '23', '68'),
	('69', '24', '69'),
	('70', '25', '70'),
	('71', '26', '71'),
	('72', '27', '72'),
	('73', '28', '73'),
	('74', '29', '74'),
	('75', '30', '75'),
	('76', '31', '76'),
	('77', '32', '77'),
	('78', '33', '78'),
	('79', '34', '79'),
	('80', '35', '80'),
	('81', '36', '81'),
	('82', '37', '82'),
	('83', '38', '83'),
	('84', '39', '84'),
	('85', '40', '85'),
	('86', '41', '86'),
	('87', '42', '87'),
	('88', '43', '88'),
	('89', '44', '89'),
	('90', '45', '90'),
	('91', '1', '91'),
	('92', '2', '92'),
	('93', '3', '93'),
	('94', '4', '94'),
	('95', '5', '95'),
	('96', '6', '96'),
	('97', '7', '97'),
	('98', '8', '98'),
	('99', '9', '99'),
	('100', '10', '100'),
	('101', '11', '1'),
	('102', '12', '2'),
	('103', '13', '3'),
	('104', '14', '4'),
	('105', '15', '5'),
	('106', '16', '6'),
	('107', '17', '7'),
	('108', '18', '8'),
	('109', '19', '9'),
	('110', '20', '10'),
	('111', '21', '11'),
	('112', '22', '12'),
	('113', '23', '13'),
	('114', '24', '14'),
	('115', '25', '15'),
	('116', '26', '16'),
	('117', '27', '17'),
	('118', '28', '18'),
	('119', '29', '19'),
	('120', '30', '20'),
	('121', '31', '21'),
	('122', '32', '22'),
	('123', '33', '23'),
	('124', '34', '24'),
	('125', '35', '25'),
	('126', '36', '26'),
	('127', '37', '27'),
	('128', '38', '28'),
	('129', '39', '29'),
	('130', '40', '30'),
	('131', '41', '31'),
	('132', '42', '32'),
	('133', '43', '33'),
	('134', '44', '34'),
	('135', '45', '35'),
	('136', '1', '36'),
	('137', '2', '37'),
	('138', '3', '38'),
	('139', '4', '39'),
	('140', '5', '40'),
	('141', '6', '41'),
	('142', '7', '42'),
	('143', '8', '43'),
	('144', '9', '44'),
	('145', '10', '45'),
	('146', '11', '46'),
	('147', '12', '47'),
	('148', '13', '48'),
	('149', '14', '49'),
	('150', '15', '50'),
	('151', '16', '51'),
	('152', '17', '52'),
	('153', '18', '53'),
	('154', '19', '54'),
	('155', '20', '55'),
	('156', '21', '56'),
	('157', '22', '57'),
	('158', '23', '58'),
	('159', '24', '59'),
	('160', '25', '60'),
	('161', '26', '61'),
	('162', '27', '62'),
	('163', '28', '63'),
	('164', '29', '64'),
	('165', '30', '65'),
	('166', '31', '66'),
	('167', '32', '67'),
	('168', '33', '68'),
	('169', '34', '69'),
	('170', '35', '70'),
	('171', '36', '71'),
	('172', '37', '72'),
	('173', '38', '73'),
	('174', '39', '74'),
	('175', '40', '75'),
	('176', '41', '76'),
	('177', '42', '77'),
	('178', '43', '78'),
	('179', '44', '79'),
	('180', '45', '80'),
	('181', '1', '81'),
	('182', '2', '82'),
	('183', '3', '83'),
	('184', '4', '84'),
	('185', '5', '85'),
	('186', '6', '86'),
	('187', '7', '87'),
	('188', '8', '88'),
	('189', '9', '89'),
	('190', '10', '90'),
	('191', '11', '91'),
	('192', '12', '92'),
	('193', '13', '93'),
	('194', '14', '94'),
	('195', '15', '95'),
	('196', '16', '96'),
	('197', '17', '97'),
	('198', '18', '98'),
	('199', '19', '99'),
	('200', '20', '100');



